previous_marks,attendance,study_hours,assignment_completion,internal_marks,failed_subjects,cgpa,risk_level
50.14,61.04,1.53,51.45,13.99,4,5.96,High Risk
88.58,91.6,7.41,100.0,25.0,0,7.58,Low Risk
74.15,69.85,4.36,62.41,21.11,0,6.52,Medium Risk
60.92,60.92,3.63,56.72,22.07,1,5.72,High Risk
71.54,81.3,2.83,72.76,18.85,0,6.4,Medium Risk
68.48,69.99,3.09,66.91,19.36,1,6.76,Medium Risk
46.39,64.88,3.66,65.58,18.55,1,6.67,Medium Risk
38.43,55.92,0.5,41.71,12.79,1,5.77,High Risk
89.98,91.41,7.06,100.0,25.04,0,7.84,Low Risk
74.65,80.42,4.6,61.9,17.76,0,6.43,Medium Risk
68.7,75.33,8.04,97.14,28.91,0,9.12,Low Risk
63.96,71.83,4.16,74.26,15.93,1,6.44,Medium Risk
63.62,63.35,6.36,71.49,19.04,0,6.62,Medium Risk
84.18,92.43,5.39,83.14,26.6,0,8.21,Low Risk
83.63,89.82,6.35,100.0,28.88,0,6.89,Low Risk
70.97,79.72,9.41,100.0,24.61,0,9.17,Low Risk
77.87,80.15,7.6,100.0,27.51,0,9.03,Low Risk
81.04,91.36,6.25,85.79,27.48,0,8.11,Low Risk
45.06,47.58,2.05,41.86,15.71,4,5.49,High Risk
50.37,49.08,1.84,49.6,16.06,2,4.0,High Risk
89.37,85.12,6.64,79.8,27.24,0,9.5,Low Risk
46.5,59.08,0.5,45.07,9.75,2,5.16,High Risk
57.24,52.43,1.88,39.58,13.21,2,4.96,High Risk
70.64,56.85,4.72,66.76,20.87,0,6.48,Medium Risk
60.43,59.77,2.06,38.99,14.08,2,4.34,High Risk
84.79,82.9,7.3,96.5,22.84,0,8.08,Low Risk
69.44,73.42,4.62,65.42,10.61,1,6.13,High Risk
55.19,78.74,7.49,76.91,18.99,1,7.21,Medium Risk
59.43,85.23,8.67,90.46,18.78,0,7.91,Low Risk
85.85,100.0,6.29,100.0,26.15,0,8.88,Low Risk
92.37,81.59,8.64,100.0,24.23,0,7.47,Low Risk
73.3,76.31,2.83,67.8,19.88,0,5.7,Medium Risk
90.02,86.97,5.72,93.63,29.64,0,7.88,Low Risk
64.49,72.9,3.21,78.85,19.38,0,6.56,Medium Risk
62.98,75.76,3.63,65.8,12.02,0,6.31,Medium Risk
82.96,92.08,8.37,85.64,28.57,1,9.13,Medium Risk
40.71,51.81,1.5,29.52,12.02,1,4.43,High Risk
71.47,67.54,4.01,84.71,18.0,0,7.24,Medium Risk
71.21,82.52,3.47,81.13,18.24,1,5.73,Medium Risk
90.4,85.88,5.08,82.52,22.8,0,8.49,Low Risk
77.2,95.59,7.66,76.26,22.23,0,8.83,Low Risk
67.85,59.67,1.25,44.24,9.0,3,6.54,High Risk
82.5,87.56,6.09,90.0,27.27,0,8.65,Low Risk
79.83,86.51,5.13,91.45,24.34,0,9.21,Low Risk
54.5,69.04,4.56,72.93,22.54,0,6.44,Medium Risk
90.08,97.51,4.89,86.53,30.0,0,6.8,Low Risk
88.09,84.25,10.4,99.34,25.86,0,8.8,Low Risk
93.77,90.24,7.7,91.14,25.0,0,9.43,Low Risk
77.95,89.42,5.37,86.18,22.76,0,7.54,Low Risk
48.69,46.59,2.76,27.34,11.58,1,4.73,High Risk
62.16,71.95,2.66,60.32,21.18,0,6.57,Medium Risk
93.56,82.47,5.82,88.38,27.57,0,8.72,Low Risk
51.45,64.21,3.15,75.63,19.7,0,6.54,Medium Risk
90.03,75.67,8.07,100.0,28.02,0,8.84,Low Risk
74.59,81.59,4.15,69.22,24.64,0,6.64,Medium Risk
51.62,44.01,2.35,41.85,19.16,2,4.05,High Risk
70.18,78.73,3.17,58.05,18.13,1,6.6,Medium Risk
47.01,45.78,1.88,56.75,10.86,2,5.46,High Risk
39.07,70.23,4.65,69.98,19.42,0,7.25,Medium Risk
80.9,94.02,7.43,92.23,20.24,0,8.17,Low Risk
60.47,68.34,5.42,64.12,21.75,0,6.86,Medium Risk
86.26,78.38,7.24,95.3,25.6,0,8.4,Low Risk
44.37,53.29,2.79,52.37,11.86,2,4.91,High Risk
69.89,65.32,4.43,65.09,19.66,0,5.83,Medium Risk
40.71,58.29,0.63,47.35,14.12,1,5.46,High Risk
40.23,57.4,0.97,56.06,16.61,1,5.88,High Risk
70.75,84.68,4.84,68.5,15.43,0,6.23,Medium Risk
74.08,71.24,3.19,68.17,22.37,0,7.08,Medium Risk
69.9,94.51,9.22,80.13,25.32,0,7.85,Low Risk
74.24,66.75,4.49,70.03,19.53,0,6.87,Medium Risk
69.02,67.64,6.02,56.56,18.49,0,6.14,Medium Risk
90.27,98.09,7.97,100.0,29.33,0,8.82,Low Risk
68.4,72.02,2.8,59.61,15.15,1,7.68,Medium Risk
68.09,72.08,6.24,68.68,17.03,0,7.99,Medium Risk
76.95,92.55,9.61,83.07,24.34,0,10.0,Low Risk
89.95,83.47,7.23,86.16,29.96,0,8.28,Low Risk
56.09,54.19,1.88,50.32,12.43,3,4.89,High Risk
94.81,88.16,5.23,80.02,19.47,0,9.01,Low Risk
75.7,91.74,8.62,93.01,30.0,0,7.91,Low Risk
64.41,51.9,2.94,47.26,13.03,0,6.14,Medium Risk
84.23,81.08,8.95,83.25,26.24,0,9.01,Low Risk
78.92,85.29,7.81,95.24,23.27,0,8.11,Low Risk
83.79,70.97,5.62,61.7,19.3,0,6.7,Medium Risk
67.65,70.12,2.39,62.3,16.38,0,6.93,Medium Risk
48.33,54.79,0.95,55.13,13.37,0,5.89,High Risk
77.92,73.51,6.43,77.48,19.36,1,6.76,Medium Risk
51.96,55.08,0.5,46.78,13.34,3,5.4,High Risk
92.55,89.92,7.64,86.94,29.04,0,8.48,Low Risk
82.36,80.24,11.0,94.63,28.7,0,8.4,Low Risk
40.41,38.0,2.18,46.13,8.77,3,4.32,High Risk
60.66,74.36,3.15,69.33,20.03,1,6.3,Medium Risk
52.41,61.29,4.85,59.72,14.32,1,5.61,High Risk
85.45,96.21,5.55,95.6,24.05,0,8.9,Low Risk
85.89,91.92,9.55,81.6,26.2,0,9.01,Low Risk
36.27,57.71,4.83,51.76,7.33,1,5.56,High Risk
45.71,46.15,2.24,41.11,20.32,3,5.35,High Risk
80.31,91.6,8.63,79.45,29.16,1,9.01,Medium Risk
65.37,65.86,1.66,70.68,20.41,2,6.61,High Risk
73.78,63.51,2.44,53.63,24.61,0,5.83,Medium Risk
54.76,51.32,2.8,37.24,11.24,3,5.93,High Risk
65.59,72.98,5.65,78.7,20.48,0,6.44,Medium Risk
58.3,61.96,1.04,57.18,19.54,0,7.06,Medium Risk
100.0,88.07,6.94,99.42,28.45,0,7.51,Low Risk
57.34,71.88,5.58,69.54,16.57,2,6.79,High Risk
87.88,93.97,6.23,86.21,29.09,0,8.54,Low Risk
100.0,81.97,7.79,90.67,28.89,0,8.79,Low Risk
68.9,79.28,6.61,100.0,26.81,0,8.05,Low Risk
76.58,96.13,7.86,100.0,27.5,0,8.54,Low Risk
78.59,92.23,5.14,84.86,26.45,0,7.51,Low Risk
82.17,88.15,8.43,79.32,24.77,0,8.5,Low Risk
88.88,80.35,4.38,98.09,22.76,0,9.17,Low Risk
80.71,83.06,4.7,77.76,19.93,1,7.46,Medium Risk
69.38,71.6,2.19,63.32,18.65,0,6.96,Medium Risk
35.0,49.56,4.41,59.35,9.95,1,4.62,High Risk
76.88,98.07,5.22,95.92,27.86,0,8.36,Low Risk
80.46,92.89,6.78,94.67,27.39,0,9.34,Low Risk
66.3,64.44,6.44,58.18,20.18,0,7.7,Medium Risk
66.15,80.99,4.07,71.42,19.93,1,7.59,Medium Risk
97.31,89.94,8.59,84.22,30.0,0,8.37,Low Risk
51.41,54.08,0.53,64.22,11.99,1,6.33,High Risk
50.87,44.01,0.5,28.34,15.46,1,5.27,High Risk
75.74,71.69,1.3,70.21,20.87,1,6.51,Medium Risk
48.45,59.2,4.33,66.02,19.02,0,7.66,Medium Risk
83.63,90.22,6.25,100.0,27.3,0,9.22,Low Risk
94.68,92.84,8.44,100.0,30.0,0,7.78,Low Risk
58.53,66.05,5.28,65.34,20.53,0,6.76,Medium Risk
80.72,100.0,8.57,100.0,24.15,0,9.04,Low Risk
76.74,92.22,7.44,98.86,28.48,0,9.89,Low Risk
63.49,84.03,4.07,50.06,18.41,0,6.49,Medium Risk
92.52,88.06,4.29,79.39,26.04,0,8.92,Low Risk
40.31,60.38,2.65,38.83,8.53,1,5.63,High Risk
55.62,58.18,2.94,53.69,16.2,6,5.25,High Risk
83.86,100.0,8.26,92.76,23.86,0,9.07,Low Risk
81.29,89.87,8.06,90.89,27.37,0,8.75,Low Risk
78.99,87.04,7.72,100.0,19.26,0,7.65,Low Risk
63.85,73.47,5.82,69.62,18.16,1,7.4,Medium Risk
41.9,48.34,3.57,30.13,10.71,0,4.94,High Risk
67.53,41.85,1.3,51.72,12.89,1,5.27,High Risk
49.4,45.7,0.92,37.34,14.5,0,6.13,High Risk
66.18,71.43,2.76,66.49,22.99,0,4.73,Medium Risk
66.99,70.76,3.61,66.14,13.89,0,6.8,Medium Risk
87.01,93.73,6.15,84.17,29.38,0,7.57,Low Risk
53.0,39.09,0.5,48.65,11.5,4,4.16,High Risk
82.53,83.28,5.85,68.92,25.71,0,7.31,Low Risk
70.52,80.73,3.9,75.07,17.7,0,6.83,Medium Risk
81.66,82.9,6.82,100.0,24.24,0,8.49,Low Risk
77.56,99.74,9.12,72.47,22.42,1,9.01,Medium Risk
58.99,61.62,6.48,71.18,21.65,0,7.69,Medium Risk
65.1,94.33,5.99,97.57,30.0,0,8.76,Low Risk
100.0,82.22,6.5,100.0,30.0,0,8.4,Low Risk
61.43,63.47,0.5,52.79,16.21,6,4.42,High Risk
75.44,67.13,1.83,60.65,22.88,0,7.14,Medium Risk
79.28,94.24,8.55,92.23,21.37,0,7.39,Low Risk
68.74,68.09,3.38,65.46,14.44,0,6.96,Medium Risk
85.54,82.67,7.28,84.09,21.76,0,9.43,Low Risk
71.8,80.51,6.46,91.59,26.73,0,9.61,Low Risk
76.86,89.12,8.27,92.31,20.09,0,7.77,Low Risk
45.13,55.4,3.05,43.43,19.47,3,5.02,High Risk
83.2,90.64,5.11,85.16,25.62,0,9.93,Low Risk
43.91,57.32,4.14,45.64,16.24,0,4.88,Medium Risk
91.41,85.79,7.84,100.0,21.57,0,9.32,Low Risk
90.85,80.75,8.1,95.55,24.72,0,8.55,Low Risk
83.96,77.37,6.51,76.79,28.96,0,8.86,Low Risk
56.36,72.59,2.43,66.19,17.53,1,6.02,High Risk
50.67,60.36,1.43,50.0,15.58,1,5.48,High Risk
61.17,67.48,4.97,84.6,17.44,1,7.81,Medium Risk
49.82,58.51,1.88,56.66,14.21,1,4.73,High Risk
66.75,76.07,3.95,69.89,16.07,1,6.52,Medium Risk
87.96,77.56,8.59,100.0,29.23,0,8.52,Low Risk
48.29,43.37,0.92,40.74,12.63,3,5.11,High Risk
62.24,61.63,4.22,70.93,13.81,1,6.81,High Risk
81.48,100.0,6.09,94.21,23.59,0,8.92,Low Risk
46.52,65.15,1.09,47.8,14.41,2,5.32,High Risk
49.15,54.92,0.5,52.08,10.64,6,6.04,High Risk
57.4,87.48,5.3,88.18,29.11,0,9.52,Low Risk
70.33,64.78,7.62,65.0,17.6,0,6.38,Medium Risk
94.2,90.49,7.8,84.54,21.19,0,8.74,Low Risk
62.65,68.6,3.53,74.79,13.66,0,6.46,Medium Risk
84.75,96.49,5.95,84.52,30.0,0,9.11,Low Risk
48.81,49.6,0.87,52.58,11.38,3,6.13,High Risk
62.69,74.12,5.21,77.44,18.23,0,7.13,Medium Risk
75.23,80.12,7.4,95.88,28.22,0,7.75,Low Risk
45.54,61.26,0.5,55.7,17.31,3,4.33,High Risk
80.79,79.19,4.77,68.31,22.1,0,7.33,Medium Risk
94.34,87.23,6.38,100.0,26.63,1,8.39,Medium Risk
73.28,80.9,8.15,85.87,28.9,0,8.14,Low Risk
43.98,60.71,2.25,24.69,14.91,2,6.25,High Risk
35.0,51.6,0.5,52.68,15.22,1,4.41,High Risk
62.82,82.76,7.22,55.28,18.19,0,6.35,Medium Risk
70.48,66.87,3.25,80.77,24.36,0,7.78,Medium Risk
92.56,88.02,9.41,91.0,24.84,1,8.35,Medium Risk
94.13,80.81,6.2,100.0,27.28,0,8.6,Low Risk
62.63,61.68,5.26,68.54,18.34,2,6.72,High Risk
85.6,82.33,9.22,82.86,26.19,0,8.06,Low Risk
77.4,86.97,7.02,95.72,24.31,0,9.09,Low Risk
72.27,82.73,6.75,100.0,27.55,0,7.9,Low Risk
52.15,75.44,4.79,79.66,16.44,0,7.46,Medium Risk
66.21,75.41,6.72,89.29,24.11,0,7.67,Low Risk
82.11,86.21,6.89,87.19,26.88,0,9.16,Low Risk
70.51,73.97,5.11,82.77,13.15,2,7.58,High Risk
39.03,63.97,2.35,37.08,7.85,3,5.16,High Risk
83.24,95.38,8.13,95.44,23.54,0,8.96,Low Risk
83.84,91.08,8.33,94.02,30.0,0,7.54,Low Risk
83.4,94.17,6.21,87.48,22.98,0,8.89,Low Risk
73.67,90.81,7.94,83.82,23.85,0,7.96,Low Risk
86.39,100.0,6.37,88.16,29.45,0,8.39,Low Risk
66.91,65.24,2.29,70.13,20.16,1,7.93,Medium Risk
58.92,65.04,3.13,71.17,15.81,2,7.97,High Risk
65.53,80.51,1.91,86.05,25.82,1,6.58,Medium Risk
98.93,83.0,8.21,81.28,27.97,0,8.68,Low Risk
53.46,53.32,2.17,45.18,12.6,3,5.45,High Risk
91.85,97.34,8.0,91.87,28.39,0,8.21,Low Risk
76.85,84.28,6.47,87.18,28.57,0,9.19,Low Risk
91.35,87.31,7.06,94.41,26.97,0,8.55,Low Risk
96.66,82.32,7.11,97.96,23.21,0,7.98,Low Risk
42.93,46.03,1.57,27.99,10.64,1,4.99,High Risk
59.51,83.03,3.43,81.46,16.62,1,6.18,Medium Risk
86.53,87.01,7.78,77.55,24.68,0,7.98,Low Risk
87.21,82.09,8.2,96.68,23.07,0,8.57,Low Risk
56.1,80.03,2.45,81.47,15.59,0,7.71,Medium Risk
67.52,68.78,3.18,73.56,19.42,1,6.58,Medium Risk
74.64,86.43,4.8,96.87,28.28,0,7.68,Low Risk
73.8,88.87,8.07,100.0,30.0,0,8.55,Low Risk
67.24,68.5,5.68,75.82,25.93,0,5.79,Medium Risk
50.27,45.99,2.13,47.92,13.02,1,4.02,High Risk
56.67,46.97,0.92,37.16,10.77,2,6.49,High Risk
99.28,96.76,8.71,90.05,28.58,0,9.01,Low Risk
89.69,85.38,8.17,88.75,29.48,0,8.36,Low Risk
42.15,55.95,0.5,45.21,9.68,4,4.0,High Risk
85.16,95.32,7.54,88.84,30.0,0,8.65,Low Risk
59.22,46.92,1.48,51.45,14.28,0,4.0,High Risk
83.34,74.93,7.32,100.0,27.89,1,8.07,Medium Risk
52.99,46.89,4.46,43.44,9.61,4,5.45,High Risk
59.35,67.21,3.81,56.61,19.26,0,6.15,Medium Risk
50.13,61.86,2.96,52.31,18.97,0,4.51,Medium Risk
71.82,78.53,9.17,86.34,30.0,0,7.88,Low Risk
72.87,70.2,6.79,74.37,23.83,0,6.82,Low Risk
89.91,97.12,9.42,88.0,25.57,0,7.86,Low Risk
69.26,64.24,3.34,62.4,18.48,0,6.58,Medium Risk
88.69,97.12,6.88,94.31,25.28,0,8.61,Low Risk
97.94,88.6,10.58,76.4,26.66,0,9.43,Low Risk
66.58,70.86,4.5,83.29,19.19,0,7.03,Medium Risk
82.23,92.26,6.11,92.65,26.56,0,8.72,Low Risk
65.71,62.41,5.66,88.49,20.75,0,6.04,Medium Risk
70.11,74.7,5.18,74.09,15.31,3,6.01,High Risk
94.05,84.65,6.16,90.32,24.68,0,8.63,Low Risk
82.81,88.86,8.26,92.51,22.64,0,7.85,Low Risk
44.21,58.97,0.5,34.11,15.09,1,4.64,High Risk
75.55,100.0,6.97,80.91,28.86,0,8.4,Low Risk
47.46,81.64,2.07,76.13,19.04,0,6.75,Medium Risk
59.34,75.15,3.39,63.52,15.62,0,6.05,Medium Risk
81.04,91.38,10.66,89.54,27.1,0,8.26,Low Risk
76.58,71.29,3.21,55.84,15.84,1,6.35,High Risk
74.77,81.38,9.21,95.05,23.19,0,9.51,Low Risk
54.9,78.01,1.33,64.89,24.4,1,6.99,Medium Risk
50.65,79.2,5.01,67.06,15.49,0,6.12,Medium Risk
78.76,99.35,6.1,90.95,30.0,0,8.68,Low Risk
84.58,92.14,8.21,100.0,26.6,0,6.76,Low Risk
54.03,56.96,3.08,34.1,16.0,1,4.58,High Risk
55.37,63.85,4.54,75.66,18.1,2,7.51,High Risk
78.79,79.52,7.57,84.26,24.85,0,8.46,Low Risk
55.75,56.61,5.18,47.13,11.72,6,5.27,High Risk
77.82,93.31,7.14,87.63,26.25,0,8.31,Low Risk
80.95,81.44,4.52,55.85,18.08,0,7.33,Medium Risk
64.65,78.15,5.83,71.58,13.21,0,6.05,Medium Risk
59.46,87.63,5.74,77.59,19.95,0,6.35,Low Risk
90.55,79.96,9.81,81.9,23.25,0,8.99,Low Risk
86.57,90.3,8.13,100.0,27.36,0,8.46,Low Risk
77.58,84.82,9.45,83.17,22.02,0,8.64,Low Risk
64.34,84.74,5.17,64.74,26.36,1,7.23,Medium Risk
66.4,81.26,2.66,86.63,21.97,1,6.64,Medium Risk
35.0,52.2,1.7,46.21,5.15,4,6.26,High Risk
87.49,87.31,3.7,98.14,26.38,0,8.62,Low Risk
47.84,44.35,0.5,50.38,12.89,4,4.87,High Risk
54.6,52.96,2.88,50.14,17.16,1,5.69,High Risk
41.2,49.82,1.58,45.61,14.29,1,4.37,High Risk
92.78,84.53,5.15,64.93,27.71,0,7.07,Low Risk
73.05,87.52,10.48,100.0,26.32,0,7.35,Low Risk
74.94,74.28,3.81,79.49,21.83,1,6.45,Medium Risk
92.19,96.46,8.39,99.01,24.35,0,9.74,Low Risk
56.94,64.4,2.75,54.78,7.85,1,5.64,High Risk
60.53,72.04,5.69,74.75,16.69,0,7.28,Medium Risk
82.4,98.9,4.85,99.75,20.59,0,8.75,Low Risk
69.7,79.02,2.18,72.33,19.01,2,5.7,High Risk
53.14,71.2,5.93,69.08,19.11,0,6.69,Medium Risk
73.05,76.81,8.3,100.0,30.0,0,8.31,Low Risk
78.44,75.62,6.89,87.28,26.46,0,8.48,Low Risk
37.02,36.55,0.5,35.65,15.05,4,4.94,High Risk
84.22,94.59,7.69,88.75,25.28,0,7.35,Low Risk
97.07,80.0,5.78,94.72,23.74,1,8.88,Medium Risk
51.68,66.72,1.2,68.65,17.01,2,7.92,High Risk
38.0,73.25,3.53,76.88,17.83,0,6.58,Medium Risk
71.58,68.74,4.26,60.34,20.37,1,6.01,Medium Risk
50.14,58.99,1.57,48.52,14.26,2,4.2,High Risk
79.99,80.93,9.64,94.96,28.52,0,8.63,Low Risk
82.13,79.2,8.2,100.0,25.77,0,8.01,Low Risk
88.38,83.86,7.2,90.04,29.3,0,9.27,Low Risk
50.48,48.94,2.82,37.26,12.78,0,5.78,High Risk
49.48,51.43,2.95,36.86,10.55,2,5.15,High Risk
91.01,94.69,9.71,86.56,25.31,0,7.97,Low Risk
77.92,82.22,10.4,95.99,20.89,0,8.42,Low Risk
70.64,93.26,8.32,86.04,27.71,0,8.56,Low Risk
59.31,49.12,0.71,35.03,7.35,2,5.98,High Risk
76.67,77.75,4.32,59.37,11.52,1,6.56,High Risk
81.98,94.4,5.69,100.0,23.31,0,8.7,Low Risk
51.16,63.1,0.5,41.25,14.36,1,4.66,High Risk
63.62,70.63,2.79,72.16,16.58,0,7.2,Medium Risk
64.29,74.74,6.62,61.54,13.58,3,5.77,High Risk
60.6,72.96,4.96,62.67,23.5,0,7.58,Medium Risk
72.98,95.38,6.09,96.64,27.54,0,9.15,Low Risk
54.72,74.6,2.25,51.56,17.85,0,6.05,Medium Risk
53.88,63.59,4.13,45.48,14.88,1,6.13,High Risk
74.79,59.85,3.15,67.57,16.81,1,6.2,High Risk
68.81,72.57,3.47,69.14,15.67,1,5.86,High Risk
74.83,67.61,4.89,72.26,21.43,0,6.6,Medium Risk
71.03,83.63,8.15,97.53,30.0,0,9.22,Low Risk
64.6,69.7,6.41,71.6,16.62,1,6.79,Medium Risk
78.32,73.37,3.93,75.62,21.41,1,7.37,Medium Risk
41.48,51.94,3.22,42.46,13.32,2,5.87,High Risk
63.14,63.13,3.93,65.65,21.06,0,7.05,Medium Risk
77.37,92.41,6.66,98.73,27.83,1,8.99,Medium Risk
44.78,36.13,0.5,37.52,11.53,0,5.96,High Risk
74.75,87.86,5.2,100.0,20.53,0,8.23,Low Risk
87.26,88.98,7.31,66.51,26.05,0,8.24,Low Risk
52.03,80.39,3.15,74.84,20.66,0,7.47,Medium Risk
85.31,97.1,5.71,90.01,23.77,0,8.97,Low Risk
52.47,55.82,3.75,47.68,14.17,1,4.62,High Risk
80.13,86.88,6.05,90.42,27.47,1,7.57,Medium Risk
36.56,53.81,0.5,43.17,12.52,4,5.49,High Risk
77.7,89.59,5.41,100.0,26.54,0,8.78,Low Risk
80.39,68.17,8.33,100.0,24.61,0,7.59,Low Risk
67.38,88.2,7.02,100.0,27.08,0,7.26,Low Risk
73.97,77.34,3.91,65.29,16.77,0,6.14,Medium Risk
68.17,90.46,7.57,100.0,23.16,0,7.68,Low Risk
80.17,95.68,6.21,98.24,24.82,0,7.21,Low Risk
50.36,58.69,1.71,49.84,10.14,1,5.64,High Risk
87.36,91.38,8.41,100.0,22.61,0,9.05,Low Risk
79.78,89.58,8.04,96.53,27.75,0,8.05,Low Risk
77.61,69.9,4.13,63.46,16.37,0,6.34,Medium Risk
46.74,59.87,1.91,49.37,19.32,2,4.99,High Risk
67.03,65.27,5.25,73.53,15.9,3,6.27,High Risk
80.19,82.27,8.81,94.36,26.58,0,7.69,Low Risk
35.0,61.69,1.2,52.36,12.12,1,4.79,High Risk
83.16,82.78,8.42,91.77,25.35,0,8.26,Low Risk
90.86,71.79,6.26,73.83,26.44,0,7.78,Low Risk
49.31,54.28,2.19,43.06,16.41,1,4.41,High Risk
85.58,89.3,6.28,100.0,29.74,0,8.45,Low Risk
49.0,48.57,0.83,42.17,12.86,1,5.98,High Risk
69.49,71.46,3.5,76.88,20.18,1,6.32,Medium Risk
76.7,72.23,3.76,79.65,23.29,1,6.55,Medium Risk
74.05,100.0,6.46,85.53,28.68,0,7.66,Low Risk
77.17,83.5,7.63,100.0,30.0,0,10.0,Low Risk
69.45,69.31,7.28,75.45,20.42,1,6.29,Medium Risk
54.35,53.69,1.46,50.57,16.37,1,5.38,High Risk
96.38,77.39,10.19,86.48,24.84,0,8.62,Low Risk
78.59,86.69,5.86,86.71,30.0,0,9.13,Low Risk
51.16,49.8,2.54,37.41,9.5,2,4.59,High Risk
60.94,59.8,0.5,30.79,11.79,2,4.53,High Risk
72.99,70.97,5.78,71.96,26.26,0,6.36,Medium Risk
58.9,71.77,3.46,65.74,16.87,1,6.02,High Risk
88.02,86.96,10.19,98.35,25.27,0,7.68,Low Risk
84.88,90.96,9.08,86.84,21.0,0,7.93,Low Risk
87.65,77.66,7.12,86.34,26.59,0,9.16,Low Risk
80.89,85.88,7.76,93.45,26.01,0,8.13,Low Risk
78.67,89.23,7.8,86.53,24.79,0,8.59,Low Risk
84.1,94.57,11.8,76.98,29.18,0,8.61,Low Risk
36.78,40.32,2.01,54.98,12.79,0,5.75,High Risk
81.5,90.49,7.5,80.75,27.81,0,9.39,Low Risk
52.84,67.58,0.89,86.58,19.33,0,7.42,Medium Risk
66.79,81.76,6.42,90.1,23.04,0,8.34,Low Risk
64.2,73.58,4.52,65.86,17.98,2,6.37,High Risk
70.17,51.23,0.5,50.8,20.28,2,4.92,High Risk
88.12,88.29,9.31,99.66,24.14,0,8.44,Low Risk
51.64,41.22,3.16,44.3,20.12,1,5.3,High Risk
55.51,74.34,3.71,75.95,20.53,1,7.34,Medium Risk
75.48,66.72,2.44,69.82,20.92,0,6.82,Medium Risk
92.29,92.92,8.73,92.0,29.25,0,9.54,Low Risk
35.24,54.01,2.94,59.69,10.22,1,5.9,High Risk
49.04,52.55,1.64,24.18,13.06,0,6.08,High Risk
59.34,70.51,5.02,67.39,18.76,0,6.59,Medium Risk
49.69,71.22,2.75,78.07,10.78,1,7.2,Medium Risk
88.61,84.52,5.24,93.66,27.36,0,9.02,Low Risk
93.6,84.41,7.17,78.02,25.1,0,8.53,Low Risk
44.33,59.15,3.82,54.85,12.75,2,5.31,High Risk
67.59,63.95,2.65,62.3,18.18,0,6.9,Medium Risk
75.55,91.54,7.11,94.77,30.0,0,9.58,Low Risk
86.57,97.18,7.79,80.57,26.86,0,8.32,Low Risk
58.8,68.8,5.88,71.56,16.45,0,7.4,Medium Risk
84.36,74.98,8.34,100.0,24.55,0,8.98,Low Risk
58.86,69.34,5.7,63.09,16.72,0,6.62,Medium Risk
47.74,62.83,2.39,41.04,13.44,5,5.15,High Risk
56.84,55.41,3.36,45.93,12.2,1,4.6,High Risk
92.39,82.71,9.98,87.65,24.16,0,8.38,Low Risk
100.0,85.65,8.44,85.98,25.33,0,8.55,Low Risk
87.22,85.02,6.42,99.61,29.45,0,8.99,Low Risk
45.97,70.42,4.49,73.29,18.88,0,5.94,Medium Risk
68.95,77.56,6.23,51.19,17.04,2,4.92,High Risk
43.03,63.03,4.26,44.73,11.04,2,4.78,High Risk
87.62,73.53,5.64,83.95,23.99,0,8.37,Low Risk
84.59,88.51,7.27,100.0,25.75,0,8.46,Low Risk
65.28,60.83,4.02,55.78,17.23,0,6.61,Medium Risk
79.63,91.38,6.73,94.68,28.28,0,8.34,Low Risk
90.86,85.1,7.73,92.85,22.86,0,8.61,Low Risk
79.57,88.9,8.07,100.0,30.0,0,6.64,Low Risk
99.51,79.5,5.4,100.0,24.9,0,8.47,Low Risk
64.01,56.06,3.64,74.43,15.78,0,6.81,Medium Risk
57.78,49.38,2.09,28.08,7.61,3,4.4,High Risk
88.39,91.83,7.12,90.87,26.98,0,8.79,Low Risk
62.34,68.98,4.68,84.59,23.9,0,6.86,Low Risk
56.45,79.34,4.72,66.54,16.71,0,6.54,Medium Risk
88.14,94.7,7.17,91.8,23.93,0,8.01,Low Risk
84.11,95.33,5.61,96.42,28.97,0,7.4,Low Risk
52.99,61.13,0.5,41.14,11.08,2,5.1,High Risk
52.95,67.67,2.69,59.36,21.99,1,6.14,High Risk
92.44,94.37,8.48,84.13,25.99,0,8.63,Low Risk
58.55,74.76,3.51,68.41,14.4,0,6.98,Medium Risk
81.95,88.21,3.9,95.82,26.43,0,7.92,Low Risk
86.49,86.51,9.71,99.72,25.52,0,8.07,Low Risk
83.88,89.28,8.37,93.08,23.08,0,7.61,Low Risk
55.8,56.17,0.5,36.35,13.41,4,5.0,High Risk
74.83,82.37,8.2,100.0,29.73,0,8.73,Low Risk
78.59,84.59,7.55,82.21,22.74,0,8.71,Low Risk
62.15,73.33,4.75,68.55,16.92,1,6.41,Medium Risk
82.69,83.97,9.93,97.07,22.03,0,7.95,Low Risk
50.96,70.96,5.72,76.72,19.69,0,7.14,Medium Risk
49.08,55.19,1.67,48.32,13.03,0,4.58,High Risk
68.29,67.01,2.74,72.2,20.7,1,7.36,Medium Risk
71.0,71.71,1.18,73.01,18.13,0,6.8,Medium Risk
58.12,69.49,2.86,51.01,23.02,1,6.1,High Risk
76.75,78.31,4.77,68.76,19.74,0,6.02,Medium Risk
89.56,89.37,5.31,81.45,29.44,0,8.8,Low Risk
63.89,72.75,6.1,64.64,20.14,0,7.04,Medium Risk
56.08,66.54,5.97,59.58,19.45,0,7.3,Medium Risk
78.1,90.75,7.77,96.14,26.58,0,8.44,Low Risk
53.51,52.72,2.51,58.69,12.21,5,4.15,High Risk
35.0,48.08,3.71,53.74,9.18,0,4.93,High Risk
66.53,70.45,2.48,68.26,21.23,1,6.76,Medium Risk
67.77,55.31,4.94,88.58,19.47,1,5.64,Medium Risk
93.85,84.6,10.03,97.07,23.36,0,8.05,Low Risk
59.22,77.99,3.73,68.54,20.02,0,6.36,Medium Risk
88.45,100.0,5.5,96.37,21.36,0,8.25,Low Risk
76.49,74.17,7.28,81.11,27.8,0,8.54,Low Risk
71.92,64.09,2.97,63.69,20.3,1,6.78,Medium Risk
74.59,100.0,7.0,100.0,25.88,0,9.69,Low Risk
62.86,66.08,3.14,62.63,22.48,1,6.39,Medium Risk
74.66,100.0,8.28,97.67,20.37,0,8.69,Low Risk
67.38,70.63,6.7,50.88,20.24,0,7.29,Medium Risk
73.01,66.6,3.03,62.37,21.46,1,7.52,Medium Risk
68.71,92.34,7.64,87.78,23.72,0,8.85,Low Risk
45.59,70.91,5.43,64.16,17.81,2,6.76,High Risk
76.26,90.98,7.43,91.97,22.52,0,8.97,Low Risk
73.85,70.83,2.23,68.86,18.38,1,7.03,Medium Risk
75.9,84.06,7.97,83.83,21.76,0,7.47,Low Risk
52.29,76.19,6.14,75.85,16.95,0,7.06,Medium Risk
54.13,54.39,1.37,45.38,13.22,1,5.28,High Risk
45.48,64.64,4.3,39.22,6.92,2,4.74,High Risk
89.07,94.56,7.63,70.48,25.78,0,9.13,Low Risk
36.4,51.49,1.7,42.88,16.15,4,5.53,High Risk
40.85,78.53,6.57,77.15,25.02,1,7.73,Medium Risk
83.98,91.33,6.62,82.17,28.5,0,9.16,Low Risk
91.37,98.72,6.69,93.3,24.16,0,8.96,Low Risk
86.67,98.01,7.05,91.19,29.07,0,8.36,Low Risk
89.95,78.61,7.19,92.28,30.0,1,8.3,Medium Risk
86.34,84.64,4.35,80.05,19.7,0,6.86,Low Risk
87.29,72.35,7.22,95.02,30.0,0,8.02,Low Risk
76.45,82.78,5.86,89.61,30.0,0,9.6,Low Risk
75.26,92.26,7.03,100.0,26.43,0,9.15,Low Risk
64.49,68.5,6.32,78.61,14.81,0,7.11,Medium Risk
67.03,87.17,6.59,100.0,25.93,0,9.29,Low Risk
65.23,62.3,4.85,67.69,14.99,1,8.06,Medium Risk
84.11,95.13,5.14,95.18,25.23,0,8.59,Low Risk
93.12,88.56,6.92,82.11,30.0,0,9.02,Low Risk
72.45,90.24,8.53,96.38,25.02,0,9.2,Low Risk
68.0,61.05,4.56,70.41,19.21,0,7.71,Medium Risk
43.05,60.91,2.63,34.7,15.22,1,5.16,High Risk
90.13,86.91,9.02,100.0,22.48,0,8.28,Low Risk
81.41,92.81,5.76,93.78,27.2,0,8.09,Low Risk
75.16,93.83,7.83,100.0,24.46,0,8.17,Low Risk
76.11,93.46,9.72,89.72,22.36,0,9.45,Low Risk
81.41,85.91,2.92,67.55,22.7,2,7.06,High Risk
70.41,52.1,2.74,33.86,14.97,1,5.16,High Risk
69.26,76.02,0.5,64.05,22.46,0,6.82,Medium Risk
82.94,100.0,6.04,100.0,25.64,0,8.9,Low Risk
100.0,99.38,7.26,94.66,21.45,0,9.64,Low Risk
68.36,82.63,6.16,75.46,13.47,0,6.92,Medium Risk
62.27,68.5,5.73,76.6,23.13,0,6.86,Medium Risk
83.96,76.19,6.51,89.71,23.1,0,7.89,Low Risk
89.72,95.8,8.58,95.95,26.06,0,7.79,Low Risk
67.4,84.65,3.34,78.76,20.87,0,6.54,Medium Risk
90.01,90.9,8.44,81.7,26.17,0,9.34,Low Risk
71.42,77.22,6.65,66.81,17.36,1,6.85,Medium Risk
84.78,92.68,9.44,85.53,28.24,0,8.39,Low Risk
35.0,51.43,2.6,39.21,16.33,3,4.6,High Risk
100.0,96.61,7.51,82.58,26.09,0,7.82,Low Risk
79.41,83.39,8.3,100.0,24.78,0,8.08,Low Risk
77.63,86.11,7.75,100.0,25.07,0,8.91,Low Risk
76.47,72.56,1.59,62.8,17.34,2,6.22,High Risk
86.8,100.0,5.99,91.14,20.67,0,8.61,Low Risk
57.81,64.26,2.68,60.92,6.95,2,5.29,High Risk
89.29,83.87,5.6,99.03,23.1,0,9.21,Low Risk
45.37,53.47,0.5,40.08,12.71,2,4.96,High Risk
86.31,76.62,6.66,79.21,24.45,0,8.65,Low Risk
68.95,81.5,3.99,67.9,20.64,0,7.38,Medium Risk
61.27,77.34,3.85,69.71,18.34,0,7.26,Medium Risk
49.76,52.62,2.06,43.06,15.81,1,5.23,High Risk
35.0,55.61,1.37,54.04,11.73,4,5.15,High Risk
69.86,75.92,2.59,73.8,15.45,0,7.85,Medium Risk
81.92,100.0,10.09,92.87,23.96,1,8.92,Medium Risk
41.9,54.55,4.46,51.1,13.22,1,5.2,High Risk
55.86,71.04,4.29,55.37,19.25,0,4.92,Medium Risk
83.73,91.87,6.07,84.16,23.05,0,8.39,Low Risk
77.66,86.99,7.04,74.96,26.64,0,8.09,Low Risk
81.08,80.25,7.27,79.44,27.77,0,9.28,Low Risk
53.64,79.83,4.54,76.63,20.86,1,7.71,Medium Risk
53.14,49.07,2.76,45.46,13.51,2,4.14,High Risk
58.88,59.47,0.5,35.33,14.94,2,5.15,High Risk
77.75,92.71,7.89,83.49,26.78,0,8.68,Low Risk
82.93,89.82,8.72,99.14,20.75,0,8.67,Low Risk
50.47,67.82,5.39,65.9,20.39,0,6.39,Medium Risk
75.51,73.14,2.78,79.55,17.7,0,6.21,Medium Risk
42.27,49.75,2.13,42.84,12.18,3,5.01,High Risk
98.97,74.84,8.08,84.19,27.6,0,7.55,Low Risk
53.16,64.97,3.06,53.01,14.26,3,5.03,High Risk
96.28,72.66,9.18,87.86,27.63,0,9.16,Low Risk
78.13,91.41,7.29,100.0,28.2,0,9.13,Low Risk
85.4,88.65,6.05,91.36,29.39,1,8.89,Medium Risk
83.69,70.42,7.57,100.0,26.55,0,8.85,Low Risk
90.27,91.23,7.12,86.62,30.0,0,8.22,Low Risk
89.43,79.08,7.58,100.0,23.43,0,9.01,Low Risk
68.39,75.12,1.79,59.88,19.31,1,6.92,Medium Risk
67.69,61.7,3.09,79.51,21.9,1,5.65,Medium Risk
42.05,59.51,3.4,49.72,12.18,1,5.47,High Risk
85.72,86.84,4.47,83.51,30.0,1,8.77,Medium Risk
82.41,99.21,6.18,93.68,27.77,0,8.65,Low Risk
51.59,69.37,4.36,52.55,21.67,0,5.91,Medium Risk
53.0,58.88,3.7,37.01,13.09,1,5.25,High Risk
66.0,78.46,6.6,71.95,14.75,2,7.26,High Risk
51.17,69.86,7.13,69.45,16.75,1,7.38,Medium Risk
93.16,82.51,7.81,100.0,27.63,0,7.4,Low Risk
43.58,55.13,1.27,46.77,11.51,2,4.59,High Risk
93.35,87.72,6.21,71.28,24.67,0,7.78,Low Risk
53.88,73.48,4.02,75.55,15.66,1,6.33,Medium Risk
71.98,57.96,7.84,74.32,18.16,1,7.06,Medium Risk
61.05,77.97,4.63,78.66,22.5,1,7.16,Medium Risk
66.02,75.49,5.15,65.51,13.38,1,5.94,Medium Risk
60.89,72.89,5.63,62.91,16.38,0,7.24,Medium Risk
81.64,95.83,9.68,100.0,25.76,0,7.94,Low Risk
66.33,59.52,2.71,50.69,14.43,4,5.66,High Risk
50.6,38.35,4.19,44.85,13.57,5,5.38,High Risk
55.43,59.83,2.03,45.47,15.68,3,5.67,High Risk
77.6,92.08,4.64,88.46,29.0,0,8.92,Low Risk
79.02,84.75,6.97,100.0,30.0,0,9.03,Low Risk
94.48,93.46,9.59,86.94,25.37,0,8.32,Low Risk
74.41,63.43,3.32,60.23,19.09,1,6.58,High Risk
70.64,81.44,10.15,80.83,23.55,0,8.11,Low Risk
72.52,77.89,4.48,61.41,20.92,0,7.11,Medium Risk
46.02,55.78,1.36,42.43,14.6,3,5.6,High Risk
56.44,53.5,0.97,49.57,11.25,4,6.29,High Risk
72.53,89.39,8.37,78.28,23.6,0,8.29,Low Risk
49.9,41.43,1.62,35.01,7.96,5,4.74,High Risk
90.73,86.97,7.81,80.37,24.4,0,8.17,Low Risk
53.5,45.63,3.57,36.97,14.31,1,6.28,High Risk
70.93,83.89,6.86,96.52,23.33,0,7.32,Low Risk
88.4,81.03,10.2,80.29,20.44,0,8.25,Low Risk
83.27,97.97,6.17,100.0,25.14,0,8.0,Low Risk
63.13,65.22,6.41,62.14,23.63,0,7.23,Medium Risk
52.66,60.96,1.46,51.22,8.52,1,4.58,High Risk
79.92,100.0,8.59,100.0,19.06,0,7.7,Low Risk
69.74,70.71,4.35,66.49,20.55,0,6.76,Medium Risk
75.7,91.77,7.21,84.12,21.85,0,9.41,Low Risk
56.97,69.9,4.39,66.7,19.53,0,5.99,Medium Risk
70.86,74.16,3.43,68.72,12.84,1,6.23,High Risk
80.53,72.25,4.34,71.46,16.11,0,7.63,Medium Risk
69.38,85.17,5.1,71.18,21.91,2,7.67,High Risk
100.0,91.15,5.98,88.75,27.25,0,7.79,Low Risk
54.71,68.71,3.44,71.88,19.17,0,7.84,Medium Risk
76.67,91.55,9.2,79.46,24.3,0,8.57,Low Risk
60.22,83.44,3.93,81.33,24.42,0,6.9,Low Risk
40.71,56.31,2.39,39.39,12.17,3,5.3,High Risk
46.69,50.46,2.6,53.54,11.61,4,4.63,High Risk
64.5,72.52,2.27,60.99,21.22,0,6.78,Medium Risk
50.09,46.25,3.98,50.16,13.17,4,5.62,High Risk
70.12,78.37,4.73,64.05,18.4,1,7.86,Medium Risk
91.85,89.35,6.39,72.55,26.77,0,8.36,Low Risk
54.68,84.19,4.29,78.21,20.27,0,5.74,Medium Risk
79.1,84.76,9.08,82.87,23.72,0,7.48,Low Risk
79.07,79.86,6.94,58.46,17.88,1,6.79,Medium Risk
58.07,61.68,2.08,37.0,15.71,0,5.15,High Risk
83.38,71.13,7.52,96.84,25.87,0,8.97,Low Risk
86.83,83.99,7.68,83.21,23.32,0,8.74,Low Risk
46.54,55.43,4.52,53.35,11.11,2,4.25,High Risk
78.5,82.22,5.47,91.32,20.95,0,8.21,Low Risk
60.05,56.53,2.21,38.99,16.7,3,4.02,High Risk
51.39,70.31,4.76,72.38,19.19,0,6.43,Medium Risk
48.12,58.34,2.29,42.81,13.35,4,5.31,High Risk
91.46,87.22,8.81,75.22,23.3,0,9.15,Low Risk
62.31,75.67,4.6,56.41,16.94,0,6.78,Medium Risk
48.58,58.69,3.59,42.09,15.22,0,4.72,High Risk
66.42,77.02,3.85,67.48,17.53,1,6.03,Medium Risk
63.65,63.11,5.1,59.13,21.43,0,6.57,Medium Risk
77.86,100.0,6.59,87.97,22.36,0,8.24,Low Risk
88.3,94.39,8.14,89.48,22.16,0,8.25,Low Risk
74.59,96.2,8.23,100.0,27.44,0,8.1,Low Risk
74.84,72.13,4.99,74.01,13.83,1,5.39,Medium Risk
51.63,74.94,7.34,70.22,13.11,0,6.77,Medium Risk
78.49,76.51,3.16,76.97,21.13,0,6.99,Medium Risk
72.31,64.28,5.94,48.95,17.15,0,7.96,Medium Risk
76.0,84.98,5.09,89.36,21.31,1,6.06,Medium Risk
88.17,90.0,8.47,97.0,26.27,0,8.47,Low Risk
54.37,57.42,0.86,51.41,14.74,0,5.43,High Risk
75.0,71.73,2.62,79.68,22.14,0,7.98,Medium Risk
94.81,82.55,8.83,91.44,26.73,0,7.6,Low Risk
78.61,75.07,4.15,69.98,23.7,0,6.04,Medium Risk
48.51,70.61,4.85,81.47,21.77,1,7.59,Medium Risk
49.49,60.4,3.94,47.01,8.55,3,5.37,High Risk
66.44,80.14,2.19,61.37,15.45,0,7.02,Medium Risk
48.72,64.29,3.66,63.0,22.48,0,6.44,Medium Risk
75.23,68.46,3.31,85.43,22.42,1,6.65,Medium Risk
79.03,82.53,8.79,92.17,21.83,0,8.1,Low Risk
73.66,80.95,2.59,63.94,21.87,0,6.79,Medium Risk
45.35,52.27,2.42,29.61,16.11,2,4.97,High Risk
76.21,73.82,8.0,65.26,18.34,2,6.79,High Risk
79.62,93.71,6.49,78.26,24.49,0,8.26,Low Risk
73.53,80.24,10.4,90.56,28.81,0,8.44,Low Risk
43.1,54.27,2.18,41.02,15.94,6,5.36,High Risk
67.31,74.04,3.94,75.72,15.92,2,6.35,High Risk
60.88,73.86,5.08,62.51,16.98,2,6.9,High Risk
63.0,80.05,3.72,79.95,18.06,0,6.63,Medium Risk
83.41,82.38,7.39,100.0,21.84,0,7.55,Low Risk
77.3,61.29,6.32,47.61,17.63,2,6.19,High Risk
69.57,85.47,6.97,91.16,26.69,0,7.84,Low Risk
43.65,54.48,3.24,28.23,11.4,2,5.29,High Risk
85.23,92.77,10.07,90.33,24.14,0,9.35,Low Risk
70.59,76.4,2.81,64.84,22.35,0,7.14,Medium Risk
86.54,91.58,7.45,91.45,23.79,0,8.28,Low Risk
76.64,80.59,6.76,88.54,26.87,0,7.87,Low Risk
43.54,41.25,1.38,57.48,10.81,3,5.63,High Risk
46.06,57.19,1.12,56.7,6.09,2,4.92,High Risk
82.23,80.28,7.08,94.77,28.45,0,9.73,Low Risk
66.5,68.57,3.79,66.34,18.66,0,7.67,Medium Risk
62.75,72.3,3.41,70.62,22.19,0,6.95,Medium Risk
71.24,96.66,6.6,92.05,26.14,0,8.43,Low Risk
78.77,95.18,7.54,91.57,21.25,0,9.67,Low Risk
43.5,61.59,1.77,34.5,16.62,4,5.4,High Risk
47.59,47.16,0.84,37.03,13.32,2,4.57,High Risk
46.73,52.22,3.52,43.38,20.03,5,5.0,High Risk
90.32,86.04,8.01,97.14,28.9,0,8.33,Low Risk
93.23,73.26,9.58,89.28,18.19,0,9.09,Low Risk
66.46,69.98,2.71,70.95,19.45,1,6.85,Medium Risk
62.23,84.59,3.78,75.78,24.65,2,6.17,High Risk
58.3,54.86,1.81,34.54,12.52,4,5.05,High Risk
61.8,83.62,1.45,77.33,16.22,0,6.54,Medium Risk
73.24,68.78,3.63,66.36,22.4,1,6.46,Medium Risk
77.31,82.21,4.51,61.2,24.22,1,6.73,Medium Risk
62.06,67.43,5.35,63.23,19.46,0,7.53,Medium Risk
77.02,75.69,8.69,89.3,23.59,0,7.49,Low Risk
72.76,76.48,4.55,57.67,16.06,0,7.87,Medium Risk
48.62,59.86,2.76,46.65,10.66,2,5.52,High Risk
83.14,96.28,9.0,100.0,28.26,0,9.3,Low Risk
100.0,79.33,9.89,98.11,23.56,0,8.44,Low Risk
79.24,88.8,8.38,89.13,25.04,0,8.43,Low Risk
76.33,69.68,5.36,68.58,19.92,1,6.2,Medium Risk
62.73,79.86,3.45,67.49,18.99,0,6.16,Medium Risk
82.39,80.04,7.49,97.39,28.01,0,8.89,Low Risk
74.41,81.39,3.04,81.62,23.19,1,7.33,Medium Risk
52.17,41.11,1.08,42.4,13.02,3,5.32,High Risk
85.88,72.52,8.66,78.69,29.43,0,9.0,Low Risk
39.96,52.35,2.49,49.99,9.01,0,4.98,High Risk
79.59,78.72,5.96,88.7,27.33,0,8.75,Low Risk
83.07,89.2,7.05,78.69,23.84,0,8.94,Low Risk
87.62,86.06,5.69,87.5,25.69,0,8.88,Low Risk
68.85,62.51,4.7,77.54,19.5,2,7.22,High Risk
47.17,79.65,3.6,76.83,19.8,0,5.72,Medium Risk
87.58,72.92,6.54,100.0,27.87,0,8.91,Low Risk
78.16,95.49,8.04,80.36,27.72,0,9.49,Low Risk
100.0,91.58,6.69,75.83,30.0,0,8.6,Low Risk
62.11,58.06,4.38,70.79,16.81,0,7.1,Medium Risk
82.92,86.57,9.01,100.0,26.58,0,9.2,Low Risk
61.67,84.51,5.11,70.44,19.63,1,6.04,Medium Risk
38.57,46.42,2.53,47.78,10.95,3,4.68,High Risk
67.8,69.22,5.78,65.81,17.64,2,6.46,High Risk
69.87,61.61,6.22,68.43,23.08,1,6.99,Medium Risk
92.05,90.33,9.42,88.59,26.44,0,7.48,Low Risk
45.34,44.08,1.08,40.84,9.09,1,5.35,High Risk
64.29,56.43,3.13,38.71,12.94,5,5.05,High Risk
44.37,50.5,2.98,44.64,5.22,2,5.41,High Risk
75.27,87.18,8.48,61.5,20.97,4,8.36,High Risk
64.43,81.54,4.57,58.53,17.64,0,8.04,Medium Risk
64.82,74.79,5.12,60.89,17.39,0,5.85,Medium Risk
49.66,53.55,3.48,58.42,12.1,2,5.89,High Risk
71.68,86.67,10.48,96.94,30.0,0,8.63,Low Risk
93.27,73.65,7.0,95.83,29.59,0,8.93,Low Risk
90.86,85.81,8.33,89.68,29.25,0,8.37,Low Risk
52.75,71.46,5.38,71.44,15.34,0,6.28,Medium Risk
52.03,76.73,2.19,58.34,18.47,1,7.0,Medium Risk
38.22,33.64,0.63,37.62,14.01,3,5.99,High Risk
82.52,90.9,7.31,92.39,25.56,0,8.88,Low Risk
69.3,72.98,4.39,76.95,17.7,2,6.35,High Risk
77.23,86.71,7.48,91.44,26.72,0,8.41,Low Risk
84.57,82.01,6.78,96.31,27.0,0,9.0,Low Risk
39.56,48.28,0.92,67.37,13.41,0,5.24,High Risk
38.37,58.73,4.17,39.94,14.43,0,5.26,Medium Risk
79.27,86.12,8.48,97.72,24.35,0,9.23,Low Risk
37.35,50.54,3.41,44.79,16.65,4,5.83,High Risk
100.0,88.38,8.11,88.11,30.0,0,8.78,Low Risk
65.83,63.58,1.25,67.81,22.17,2,6.19,High Risk
94.04,80.4,8.92,83.89,22.6,0,9.32,Low Risk
82.19,88.9,9.58,97.74,30.0,0,8.99,Low Risk
93.77,100.0,8.37,89.96,23.12,0,7.89,Low Risk
90.55,87.59,7.7,96.02,25.36,1,7.58,Medium Risk
67.32,74.66,5.31,69.64,22.11,0,6.57,Medium Risk
59.93,81.02,5.89,67.9,19.61,0,6.24,Medium Risk
66.21,83.85,3.76,64.44,21.7,1,6.81,Medium Risk
93.65,88.97,8.08,89.44,27.2,0,8.78,Low Risk
68.01,72.59,7.55,97.52,27.13,0,8.34,Low Risk
77.84,100.0,5.65,93.73,29.43,0,9.06,Low Risk
56.63,68.48,3.89,66.34,24.55,0,6.34,Medium Risk
95.24,97.69,9.59,84.07,26.23,0,8.02,Low Risk
71.86,90.31,8.63,88.25,22.61,0,8.16,Low Risk
67.36,67.96,4.48,70.41,18.49,2,7.51,High Risk
85.92,82.92,3.87,100.0,25.19,0,8.88,Low Risk
62.16,84.17,3.04,58.17,19.79,2,7.53,High Risk
80.25,79.24,5.77,82.14,26.9,1,8.01,Medium Risk
58.26,56.48,2.3,77.44,19.96,0,6.51,Medium Risk
59.13,70.4,3.22,64.01,22.2,0,7.28,Medium Risk
88.37,89.37,4.24,91.93,26.47,0,8.13,Low Risk
95.5,94.1,7.51,100.0,28.96,0,8.51,Low Risk
58.87,65.71,3.51,49.72,20.01,1,7.27,High Risk
87.11,89.32,7.5,89.38,24.22,0,8.39,Low Risk
61.27,79.01,4.07,96.81,18.67,1,6.7,Medium Risk
74.43,90.76,8.17,100.0,24.17,0,9.5,Low Risk
74.26,88.65,7.49,87.7,22.63,0,8.24,Low Risk
74.31,94.25,8.6,92.13,23.14,0,7.32,Low Risk
80.1,97.83,8.3,100.0,25.56,0,7.91,Low Risk
53.0,61.18,4.19,63.06,17.4,2,6.73,High Risk
100.0,87.05,10.25,85.24,19.87,1,8.47,Medium Risk
62.62,69.71,4.88,83.27,20.23,0,7.56,Low Risk
48.64,59.06,3.33,79.5,21.36,2,6.8,High Risk
98.55,97.24,7.56,89.86,26.81,0,8.62,Low Risk
89.45,85.19,5.77,98.79,26.6,0,9.52,Low Risk
84.3,91.05,7.68,97.52,22.93,0,9.54,Low Risk
62.79,80.49,2.75,93.19,19.52,2,6.92,High Risk
90.65,82.75,5.97,77.46,19.89,0,9.78,Low Risk
92.41,72.39,6.23,77.78,26.05,0,8.09,Low Risk
90.17,79.62,8.5,85.71,25.97,0,9.22,Low Risk
75.6,93.05,8.64,100.0,28.09,0,8.06,Low Risk
89.19,96.64,5.41,84.45,27.56,0,8.34,Low Risk
74.26,90.91,9.55,86.55,28.73,0,9.47,Low Risk
62.46,89.54,4.41,77.62,17.29,0,7.0,Low Risk
66.94,90.89,2.92,77.78,21.31,1,6.26,Medium Risk
66.54,73.43,6.71,55.92,17.2,1,5.87,Medium Risk
65.45,70.3,4.01,68.06,22.43,1,6.7,Medium Risk
44.67,58.88,3.39,34.7,13.21,1,5.23,High Risk
95.2,100.0,8.33,78.1,26.4,0,9.16,Low Risk
63.25,56.44,2.16,44.04,16.47,2,5.57,High Risk
97.42,99.47,6.67,97.12,30.0,0,8.02,Low Risk
54.67,69.36,3.59,70.13,20.69,1,8.22,Medium Risk
52.51,54.21,0.92,50.76,9.98,3,4.01,High Risk
78.54,67.07,4.42,45.67,20.02,0,6.89,Medium Risk
72.51,79.48,4.1,58.71,16.0,2,7.2,High Risk
49.42,46.38,3.27,47.75,12.33,1,4.43,High Risk
77.33,78.07,6.54,92.98,26.23,0,8.2,Low Risk
92.94,91.51,9.67,88.76,22.02,0,8.6,Low Risk
66.5,73.88,4.78,60.75,14.2,1,6.25,Medium Risk
36.94,60.63,0.5,58.57,14.53,2,5.09,High Risk
67.55,71.19,4.63,65.13,16.68,0,7.04,Medium Risk
47.16,59.97,1.6,59.97,14.62,3,5.36,High Risk
72.34,75.21,3.73,64.09,15.77,0,7.39,Medium Risk
97.47,83.55,9.0,100.0,23.96,0,8.57,Low Risk
58.65,74.79,5.51,63.36,13.15,1,7.53,Medium Risk
86.17,92.18,7.96,100.0,27.05,0,8.02,Low Risk
72.13,75.46,6.03,55.09,24.59,1,7.84,Medium Risk
54.77,78.26,3.77,64.45,15.67,2,6.96,High Risk
70.02,73.97,4.29,80.36,20.37,1,6.65,Medium Risk
85.39,88.36,7.87,89.99,30.0,0,8.6,Low Risk
70.05,100.0,8.37,91.41,27.35,0,8.75,Low Risk
39.97,52.74,1.33,45.54,15.48,4,4.23,High Risk
73.47,73.02,4.64,73.18,16.86,0,7.09,Medium Risk
89.93,80.98,6.73,89.94,23.02,0,8.52,Low Risk
91.46,100.0,7.15,100.0,22.68,0,7.93,Low Risk
75.27,96.4,8.69,90.36,26.41,0,9.15,Low Risk
78.1,83.85,6.45,93.01,27.34,0,8.41,Low Risk
79.39,87.29,3.15,98.28,25.24,0,8.68,Low Risk
49.29,73.99,4.89,79.44,18.76,1,7.66,Medium Risk
86.65,77.11,8.75,74.06,27.12,0,8.64,Low Risk
63.7,81.07,5.99,65.68,19.81,0,5.9,Medium Risk
73.13,84.33,5.88,73.8,25.7,0,8.42,Low Risk
73.83,89.54,6.93,100.0,26.11,0,8.75,Low Risk
85.83,68.17,5.5,73.07,20.18,0,7.5,Medium Risk
67.97,67.37,5.82,68.0,19.2,2,7.15,High Risk
51.25,73.59,5.77,70.42,17.44,0,6.18,Medium Risk
35.0,46.2,3.72,53.38,13.84,2,4.0,High Risk
55.08,80.48,5.11,79.91,21.15,0,6.69,Low Risk
73.42,80.26,4.35,67.96,20.2,0,5.67,Medium Risk
98.4,89.29,9.36,93.89,24.53,0,6.69,Low Risk
77.12,71.0,4.82,72.1,15.59,0,6.15,Medium Risk
88.2,81.98,5.79,96.71,25.02,0,9.44,Low Risk
79.01,76.68,3.33,73.72,15.42,1,6.18,Medium Risk
52.76,84.83,4.02,61.82,20.81,1,6.97,Medium Risk
83.66,84.8,7.59,99.64,19.26,1,9.24,Medium Risk
87.11,83.92,8.74,92.77,24.24,0,9.07,Low Risk
64.89,69.62,3.57,51.72,19.04,0,6.77,Medium Risk
100.0,91.86,8.58,87.78,27.58,0,7.52,Low Risk
94.59,90.4,5.8,77.25,27.39,0,9.22,Low Risk
42.81,57.09,0.5,43.01,8.93,1,4.77,High Risk
88.63,86.03,9.62,86.35,26.3,0,8.16,Low Risk
73.66,97.67,8.53,87.47,26.79,0,9.55,Low Risk
41.11,49.87,2.15,42.96,14.95,3,6.0,High Risk
92.26,93.12,9.85,81.43,23.63,1,9.06,Medium Risk
84.25,93.23,8.54,100.0,28.07,0,8.13,Low Risk
35.0,42.31,1.87,62.2,15.0,0,6.13,Medium Risk
90.7,89.86,6.28,100.0,25.58,0,8.68,Low Risk
79.09,63.55,4.01,52.51,16.88,0,6.98,Medium Risk
82.62,87.82,6.47,100.0,24.51,0,8.33,Low Risk
55.68,64.01,2.74,42.62,13.85,4,4.64,High Risk
66.8,79.52,5.11,82.7,18.07,1,6.32,Medium Risk
49.94,55.62,2.25,38.7,11.16,0,5.76,High Risk
66.31,75.03,3.09,65.45,15.6,1,6.73,Medium Risk
67.1,80.85,3.02,65.76,22.36,1,6.47,Medium Risk
61.85,64.0,2.11,69.41,20.34,1,7.48,Medium Risk
54.33,58.68,4.27,31.43,11.74,2,4.99,High Risk
84.36,89.06,9.39,100.0,29.41,0,8.18,Low Risk
37.43,57.9,1.78,41.5,13.31,0,5.55,High Risk
89.0,89.6,5.85,93.62,23.81,0,8.92,Low Risk
72.17,77.5,10.01,85.36,23.5,0,8.9,Low Risk
83.71,98.77,9.85,68.42,28.47,0,8.72,Low Risk
42.83,59.51,3.27,45.17,11.44,2,4.83,High Risk
70.62,74.15,2.85,66.75,22.82,1,7.87,Medium Risk
80.28,91.48,7.34,100.0,21.49,0,7.76,Low Risk
76.22,97.3,8.11,90.45,27.92,0,8.2,Low Risk
63.41,65.9,4.4,78.36,19.67,2,6.92,High Risk
77.86,91.15,7.82,84.62,25.93,0,8.85,Low Risk
85.1,87.92,11.88,90.34,22.61,0,7.98,Low Risk
86.35,79.32,7.4,81.77,23.32,0,8.15,Low Risk
62.39,69.58,3.69,51.36,21.98,0,6.71,Medium Risk
84.3,95.57,9.14,91.37,18.43,0,7.56,Low Risk
85.53,96.95,7.57,79.76,28.24,0,8.52,Low Risk
63.54,65.37,4.62,67.54,20.76,1,7.33,Medium Risk
82.77,93.0,6.19,91.82,24.54,0,8.78,Low Risk
53.12,69.18,1.13,81.35,20.85,0,7.41,Medium Risk
80.87,100.0,7.78,86.83,24.15,0,7.57,Low Risk
72.75,71.94,1.65,71.84,16.63,0,7.07,Medium Risk
62.01,55.64,4.72,45.49,15.58,1,4.93,High Risk
69.98,88.57,6.21,98.05,26.5,0,8.89,Low Risk
49.42,79.89,5.67,62.71,21.57,1,7.38,Medium Risk
74.54,89.75,7.12,100.0,28.39,0,7.9,Low Risk
80.37,80.26,6.27,84.65,19.72,0,7.63,Low Risk
54.52,60.97,1.54,45.45,14.22,2,5.61,High Risk
75.77,75.29,3.01,71.48,18.32,0,7.0,Medium Risk
91.33,74.01,8.02,100.0,17.31,0,8.55,Low Risk
53.89,78.04,3.86,68.6,18.8,1,6.79,Medium Risk
71.98,77.75,4.69,77.42,18.51,1,6.14,Medium Risk
70.75,90.37,6.73,100.0,23.97,0,7.96,Low Risk
98.87,91.12,8.97,100.0,18.52,0,9.12,Low Risk
83.99,88.84,7.16,100.0,23.28,0,7.39,Low Risk
55.62,77.26,3.73,75.8,16.04,1,7.47,Medium Risk
52.1,46.59,0.5,25.52,8.17,1,5.19,High Risk
92.14,79.47,8.66,97.84,28.43,0,7.95,Low Risk
88.0,94.39,10.93,82.6,25.37,0,7.58,Low Risk
49.25,42.44,1.77,44.04,15.61,1,6.48,High Risk
79.19,93.84,9.25,77.0,21.52,0,8.8,Low Risk
87.15,90.58,4.61,89.49,28.54,0,8.79,Low Risk
83.74,84.17,6.68,85.58,26.32,0,8.16,Low Risk
64.91,73.8,5.75,79.85,16.58,0,7.96,Low Risk
74.4,74.75,4.08,62.97,25.63,1,7.01,Medium Risk
87.06,100.0,8.15,100.0,26.72,0,8.31,Low Risk
86.34,83.33,7.22,71.86,19.64,0,7.94,Low Risk
44.5,46.02,0.5,46.12,11.13,3,6.16,High Risk
71.51,94.14,9.76,89.03,25.36,0,7.21,Low Risk
46.49,38.23,1.77,42.98,11.12,1,4.99,High Risk
98.21,87.92,6.81,85.07,27.64,0,9.24,Low Risk
70.02,78.05,4.04,63.63,16.54,0,6.23,Medium Risk
46.1,65.67,1.29,29.37,14.02,2,4.53,High Risk
58.64,73.72,0.5,67.45,18.85,1,5.9,High Risk
81.61,84.48,7.91,93.37,29.76,0,9.48,Low Risk
78.89,88.48,6.16,84.33,21.61,0,9.44,Low Risk
95.68,89.87,4.97,94.83,25.99,0,7.58,Low Risk
89.43,86.16,7.05,89.03,28.2,0,8.56,Low Risk
74.8,96.77,8.02,100.0,21.51,1,9.99,Medium Risk
58.43,71.53,6.64,65.25,15.62,0,6.92,Medium Risk
54.4,57.1,2.8,46.94,12.5,1,5.78,High Risk
68.68,69.9,3.99,72.31,18.31,0,7.37,Medium Risk
35.0,53.16,2.73,35.04,13.3,3,4.85,High Risk
69.01,68.28,2.73,84.45,22.67,0,5.98,Medium Risk
82.65,70.13,7.01,95.51,25.54,0,8.19,Low Risk
57.88,46.04,2.96,59.03,10.96,3,5.47,High Risk
60.95,75.63,3.93,78.05,16.7,1,6.23,Medium Risk
61.41,64.31,3.59,70.87,14.16,1,6.52,High Risk
89.59,85.87,5.68,100.0,21.18,0,8.67,Low Risk
76.99,100.0,7.56,89.58,25.74,0,8.81,Low Risk
53.18,70.62,5.05,66.8,12.84,0,6.09,Medium Risk
50.59,66.07,3.62,76.96,16.38,0,6.46,Medium Risk
80.81,89.47,8.23,96.55,30.0,0,9.15,Low Risk
90.15,73.09,7.82,96.57,30.0,0,8.58,Low Risk
84.63,91.07,9.08,83.27,25.76,0,8.2,Low Risk
63.93,79.84,4.51,71.03,19.01,1,7.03,Medium Risk
82.64,84.5,9.96,90.35,25.94,0,8.28,Low Risk
66.44,74.35,2.77,64.68,22.74,1,7.29,Medium Risk
86.21,90.94,7.51,77.86,30.0,0,9.62,Low Risk
90.64,81.42,7.21,89.62,19.99,0,8.04,Low Risk
64.96,87.43,5.66,73.63,20.37,0,6.31,Low Risk
64.43,72.39,2.0,71.73,19.28,2,6.37,High Risk
44.7,49.56,1.19,39.27,13.52,3,5.1,High Risk
77.81,100.0,5.63,75.99,30.0,0,8.75,Low Risk
89.18,88.43,7.69,74.92,29.84,0,8.38,Low Risk
44.72,61.01,3.52,50.79,11.71,1,4.12,High Risk
41.51,48.09,0.59,44.3,15.83,3,5.37,High Risk
80.43,89.31,7.79,100.0,22.92,0,8.86,Low Risk
59.66,69.89,6.53,64.57,15.42,0,7.39,Medium Risk
65.81,75.99,6.45,67.18,22.09,1,7.57,Medium Risk
71.84,63.92,4.6,81.82,18.95,0,5.88,Medium Risk
41.39,45.28,0.7,45.39,16.2,1,5.1,High Risk
62.42,61.49,6.2,78.78,20.11,0,7.47,Medium Risk
70.29,79.75,7.44,52.55,19.38,0,7.03,Medium Risk
92.38,81.46,8.35,98.49,27.91,0,7.49,Low Risk
87.91,85.18,6.82,100.0,27.1,0,9.11,Low Risk
78.87,91.61,8.15,99.2,28.26,0,8.94,Low Risk
71.25,60.8,4.23,65.83,15.8,0,6.1,Medium Risk
76.65,70.79,2.27,82.38,15.59,1,6.84,Medium Risk
44.37,49.34,5.47,38.67,15.23,6,5.93,High Risk
43.7,56.3,2.7,55.94,10.84,3,4.85,High Risk
65.97,83.14,5.77,75.25,17.69,1,6.96,Medium Risk
69.48,83.12,8.31,100.0,25.45,0,7.53,Low Risk
100.0,91.66,7.92,93.04,25.83,0,7.75,Low Risk
78.86,83.71,10.05,82.03,21.02,0,9.41,Low Risk
48.39,56.18,3.63,39.82,12.55,2,4.79,High Risk
91.6,91.84,7.41,100.0,26.67,0,8.45,Low Risk
84.14,69.3,3.05,69.3,17.63,3,6.34,High Risk
58.03,73.25,3.32,81.81,21.81,1,7.26,Medium Risk
54.64,62.1,0.5,26.83,15.6,3,4.66,High Risk
75.7,63.01,5.35,79.02,20.2,0,6.96,Medium Risk
76.34,50.31,6.01,63.37,17.7,0,7.48,Medium Risk
55.77,69.08,6.55,65.67,22.6,1,6.61,Medium Risk
48.97,54.56,0.57,41.41,13.23,3,4.94,High Risk
84.59,83.32,7.16,100.0,24.97,0,8.07,Low Risk
90.74,81.72,6.95,65.84,24.88,0,8.43,Low Risk
86.98,100.0,8.08,91.52,29.67,0,8.67,Low Risk
67.6,69.68,4.92,60.94,19.5,0,7.17,Medium Risk
81.99,93.74,9.2,82.44,22.41,0,9.23,Low Risk
71.04,88.38,3.9,68.02,15.98,0,6.49,Medium Risk
47.43,51.71,1.46,44.2,12.03,1,5.64,High Risk
66.87,64.42,7.38,62.47,18.2,0,6.03,Medium Risk
79.57,98.78,7.12,85.22,27.15,0,9.21,Low Risk
70.63,83.57,5.41,84.47,21.71,0,6.68,Low Risk
67.21,71.95,7.26,75.15,20.79,0,6.56,Low Risk
47.8,54.46,2.62,41.13,11.54,6,5.33,High Risk
58.78,56.39,2.95,53.44,16.31,3,6.23,High Risk
56.03,70.69,3.9,43.27,11.2,3,5.49,High Risk
59.2,78.75,2.89,65.89,22.85,0,6.92,Medium Risk
40.9,47.6,3.54,28.55,17.85,1,5.01,High Risk
67.74,65.62,4.65,64.27,20.04,0,7.29,Medium Risk
82.49,78.69,8.88,90.85,30.0,0,7.96,Low Risk
71.35,92.24,3.76,67.67,18.26,1,5.73,Medium Risk
82.56,85.5,9.56,72.09,30.0,0,8.39,Low Risk
46.47,54.29,1.43,37.77,10.54,3,5.43,High Risk
63.82,77.2,5.81,76.78,18.0,1,6.73,Medium Risk
35.0,58.69,0.5,42.26,14.72,4,5.5,High Risk
78.49,95.07,10.88,100.0,25.03,0,9.49,Low Risk
91.32,84.49,7.99,87.23,27.54,0,8.01,Low Risk
45.62,44.16,2.93,48.75,11.84,3,5.56,High Risk
91.35,97.74,5.14,83.09,28.82,0,8.61,Low Risk
90.74,100.0,9.24,86.78,22.53,0,9.21,Low Risk
81.69,64.18,4.62,83.19,16.62,0,6.2,Medium Risk
79.02,99.87,7.79,85.32,22.04,0,8.53,Low Risk
68.61,72.29,6.41,65.37,19.43,0,6.55,Medium Risk
58.08,67.58,5.24,68.16,17.84,0,6.63,Medium Risk
74.09,67.72,3.97,68.54,20.32,1,7.75,Medium Risk
81.88,88.16,9.05,86.93,27.25,0,7.75,Low Risk
96.9,94.67,9.47,100.0,28.23,0,8.42,Low Risk
87.62,78.88,6.97,92.26,28.09,0,8.68,Low Risk
97.39,71.8,8.16,100.0,21.26,0,8.56,Low Risk
54.62,59.72,3.27,47.76,6.6,1,4.0,High Risk
75.75,91.44,7.43,95.37,23.73,0,9.25,Low Risk
100.0,95.44,6.21,96.81,23.82,0,7.96,Low Risk
56.45,44.29,4.15,53.08,12.51,2,5.13,High Risk
77.74,84.52,6.36,76.06,27.41,0,9.1,Low Risk
87.58,79.38,8.06,92.43,27.0,0,8.38,Low Risk
60.53,57.41,5.12,66.21,22.82,0,7.11,Medium Risk
45.41,58.06,4.06,54.26,12.62,2,5.26,High Risk
53.43,66.86,3.5,79.76,18.92,1,6.42,Medium Risk
72.78,80.24,9.48,94.68,22.75,0,7.75,Low Risk
85.02,77.98,6.48,99.57,24.04,0,8.48,Low Risk
35.0,51.69,1.7,53.32,14.7,1,4.81,High Risk
87.26,84.98,8.33,96.0,23.52,0,8.97,Low Risk
82.46,90.81,9.59,82.0,25.85,0,8.28,Low Risk
84.66,86.56,6.41,100.0,29.12,0,8.85,Low Risk
79.81,88.13,8.31,97.94,22.78,0,8.77,Low Risk
36.91,46.39,1.99,25.55,16.69,3,5.98,High Risk
73.55,80.14,2.27,60.2,26.68,0,6.39,Medium Risk
74.51,85.24,4.02,96.88,30.0,0,7.37,Low Risk
84.8,89.05,8.38,100.0,24.22,0,8.65,Low Risk
50.33,56.56,3.19,26.54,13.93,4,5.72,High Risk
91.64,88.11,5.95,84.27,29.38,0,8.12,Low Risk
55.5,62.93,5.07,69.42,17.63,1,7.38,Medium Risk
37.45,53.69,0.5,34.84,20.18,1,5.66,High Risk
76.88,82.72,6.28,91.31,27.02,0,8.35,Low Risk
57.08,59.11,2.91,48.74,12.6,2,4.45,High Risk
77.83,84.68,9.91,94.05,27.91,0,8.88,Low Risk
64.46,64.08,2.59,62.96,21.56,0,6.81,Medium Risk
78.49,90.92,7.41,86.93,24.77,0,7.92,Low Risk
87.63,83.39,6.03,92.53,27.34,0,7.01,Low Risk
91.1,98.7,8.64,92.54,27.16,0,8.9,Low Risk
68.22,62.15,6.18,70.97,16.28,2,6.66,High Risk
79.97,68.04,2.92,91.97,20.31,2,6.42,High Risk
85.25,100.0,9.04,93.58,21.99,0,9.52,Low Risk
78.8,84.66,7.63,92.12,27.44,0,8.82,Low Risk
59.85,57.37,3.14,52.5,14.76,1,4.41,High Risk
66.42,74.59,4.72,63.53,20.9,0,6.64,Medium Risk
49.52,46.15,1.9,44.95,10.14,2,5.81,High Risk
71.0,88.66,3.74,94.68,26.42,0,7.45,Low Risk
100.0,92.18,8.09,93.1,24.45,0,8.12,Low Risk
67.27,76.46,3.82,55.28,14.34,0,5.71,Medium Risk
68.83,67.84,3.33,71.37,14.35,0,6.4,Medium Risk
96.99,99.82,8.88,76.52,30.0,0,9.04,Low Risk
76.31,79.3,8.75,100.0,29.53,0,8.45,Low Risk
73.88,90.73,9.14,100.0,29.58,0,8.36,Low Risk
73.97,74.44,8.02,79.3,22.48,0,9.22,Low Risk
55.92,61.05,4.14,78.39,24.05,0,6.53,Medium Risk
84.83,74.22,10.56,94.5,25.93,0,8.08,Low Risk
84.81,87.9,5.8,76.13,22.92,0,8.18,Low Risk
73.64,81.47,7.34,74.05,22.1,0,8.49,Low Risk
95.19,100.0,6.93,96.59,24.55,0,7.57,Low Risk
82.5,91.0,8.98,100.0,30.0,0,7.86,Low Risk
66.89,96.12,7.28,100.0,30.0,0,6.8,Low Risk
66.74,70.11,2.96,76.33,18.77,0,7.19,Medium Risk
66.0,77.24,3.94,69.27,20.54,0,5.82,Medium Risk
53.27,60.14,2.94,46.81,7.97,1,5.29,High Risk
76.15,91.62,5.39,92.96,25.04,0,8.52,Low Risk
72.48,78.63,4.75,59.94,18.88,0,7.77,Medium Risk
37.4,54.05,5.16,26.45,10.6,0,4.23,High Risk
54.45,61.76,2.9,51.12,16.17,3,5.61,High Risk
75.68,93.36,10.42,75.61,24.21,0,8.37,Low Risk
58.38,80.33,5.28,57.26,14.89,1,8.39,Medium Risk
73.92,89.61,6.58,88.62,25.05,0,8.51,Low Risk
77.67,94.7,7.55,79.71,28.1,0,8.67,Low Risk
72.51,62.57,4.21,75.46,17.82,1,6.61,Medium Risk
86.6,83.7,6.83,98.79,22.65,0,9.36,Low Risk
80.89,73.95,7.04,97.7,23.91,0,8.28,Low Risk
49.15,70.88,0.86,58.28,8.66,1,6.21,High Risk
86.32,73.13,7.57,99.01,22.67,0,7.71,Low Risk
74.23,90.46,5.94,73.92,19.5,1,6.83,Medium Risk
58.93,74.9,3.53,64.89,20.91,2,6.38,High Risk
91.31,90.57,6.3,100.0,25.19,0,8.36,Low Risk
69.62,72.94,2.36,74.94,17.02,0,7.25,Medium Risk
59.7,67.92,2.7,46.11,15.11,1,6.99,High Risk
72.12,70.04,6.26,61.67,24.3,0,7.07,Medium Risk
83.14,82.45,5.95,87.02,22.41,0,8.18,Low Risk
90.16,80.09,9.4,95.82,28.82,0,8.05,Low Risk
98.5,82.41,8.04,95.54,28.04,0,8.67,Low Risk
73.24,85.66,7.82,92.82,30.0,0,8.7,Low Risk
90.17,87.75,7.57,75.45,16.64,0,9.13,Low Risk
63.17,72.18,5.12,69.87,18.41,0,6.26,Medium Risk
91.73,96.73,7.62,87.61,27.21,0,8.81,Low Risk
50.83,57.22,0.5,23.01,9.95,2,5.32,High Risk
37.75,55.58,0.88,50.97,20.81,3,4.72,High Risk
41.34,52.18,0.5,34.78,14.22,2,5.26,High Risk
49.33,49.99,3.85,63.63,15.56,2,5.51,High Risk
63.32,89.96,4.73,63.26,21.61,0,6.81,Low Risk
62.8,72.02,3.51,63.8,20.4,2,6.6,High Risk
86.02,87.88,6.94,100.0,22.95,0,8.98,Low Risk
51.31,53.85,2.46,54.01,15.38,5,5.36,High Risk
47.5,50.46,0.72,46.4,13.92,0,5.21,High Risk
73.4,74.79,4.69,71.29,13.82,0,7.38,Medium Risk
52.91,82.37,5.0,64.63,15.68,0,6.24,Medium Risk
73.69,80.14,1.07,59.24,19.82,0,7.02,Medium Risk
64.48,79.79,5.46,63.76,17.69,0,6.7,Medium Risk
62.61,59.27,2.63,55.52,12.26,3,4.97,High Risk
90.82,84.01,5.66,100.0,26.04,0,8.98,Low Risk
84.8,80.18,5.01,72.7,27.6,0,7.9,Low Risk
80.33,68.81,7.04,78.28,28.39,0,8.67,Low Risk
82.21,91.38,8.57,96.26,25.78,1,7.86,Medium Risk
57.6,81.89,3.5,74.33,16.04,1,6.68,Medium Risk
84.27,85.09,7.67,90.39,27.19,0,7.69,Low Risk
43.86,48.62,0.5,35.97,8.55,4,4.68,High Risk
100.0,89.28,6.29,84.44,24.2,0,9.02,Low Risk
92.98,86.95,8.05,86.39,27.02,0,8.85,Low Risk
84.71,96.65,7.8,86.44,25.05,0,9.08,Low Risk
84.9,74.97,8.78,88.21,22.61,0,9.3,Low Risk
80.46,96.44,6.99,86.9,22.64,0,8.42,Low Risk
74.96,81.84,7.7,97.24,28.66,0,7.69,Low Risk
85.32,91.73,5.43,87.65,28.53,0,8.92,Low Risk
78.11,71.89,5.82,77.28,18.42,1,6.03,Medium Risk
92.42,77.48,6.0,88.54,26.75,0,8.89,Low Risk
84.78,87.09,8.39,84.64,30.0,0,8.69,Low Risk
35.15,55.89,2.76,34.53,17.22,2,6.05,High Risk
97.32,94.88,9.02,75.43,22.16,0,8.65,Low Risk
76.63,77.85,5.99,93.87,26.21,0,8.45,Low Risk
56.55,79.15,2.62,61.81,21.28,0,6.16,Medium Risk
86.9,89.4,9.55,100.0,27.61,0,7.4,Low Risk
90.63,87.86,6.11,100.0,24.73,0,8.35,Low Risk
35.0,65.11,1.79,55.55,12.72,1,4.66,High Risk
60.17,61.89,8.27,65.59,27.96,1,7.09,Medium Risk
78.51,75.58,6.57,92.96,24.96,0,8.04,Low Risk
73.02,79.1,3.16,74.91,13.7,0,6.26,Medium Risk
54.54,76.32,4.48,75.05,18.4,0,6.44,Medium Risk
51.47,49.68,0.5,32.0,13.06,0,4.87,High Risk
86.69,95.05,7.16,84.58,23.84,0,7.92,Low Risk
87.04,89.07,10.22,91.26,23.51,0,8.32,Low Risk
92.01,88.76,7.9,90.86,28.9,0,8.31,Low Risk
55.33,68.35,4.82,59.98,20.3,0,5.69,Medium Risk
93.54,90.19,5.61,98.58,27.77,0,8.72,Low Risk
49.07,50.68,0.5,40.23,12.67,4,5.44,High Risk
88.95,88.03,9.96,95.43,26.93,0,9.03,Low Risk
66.75,62.8,3.49,62.48,15.71,0,6.54,Medium Risk
58.83,72.48,6.35,61.93,9.91,0,7.18,Medium Risk
64.14,60.21,6.61,68.73,19.91,0,6.16,Medium Risk
96.41,82.76,7.67,100.0,26.2,0,8.7,Low Risk
62.0,77.46,6.55,62.91,20.97,0,6.83,Medium Risk
90.59,76.42,7.61,80.39,22.11,0,7.89,Low Risk
81.72,82.05,6.75,87.96,29.5,0,8.2,Low Risk
82.65,83.65,6.79,74.19,28.24,0,8.03,Low Risk
61.0,78.32,5.01,67.89,18.41,0,7.4,Medium Risk
77.71,100.0,5.43,94.73,28.16,0,9.14,Low Risk
54.28,80.36,3.72,71.3,13.5,0,6.84,Medium Risk
56.6,68.35,5.47,69.07,17.53,1,7.06,Medium Risk
73.95,83.84,7.75,95.41,28.09,0,8.5,Low Risk
71.24,67.79,4.11,62.14,16.24,0,6.84,Medium Risk
78.98,100.0,10.22,98.37,24.31,0,8.48,Low Risk
82.79,74.34,8.38,94.53,24.13,0,9.78,Low Risk
79.86,100.0,7.84,91.85,29.57,0,8.48,Low Risk
93.49,91.76,8.58,100.0,23.73,0,7.87,Low Risk
78.54,87.97,7.43,100.0,28.31,0,8.32,Low Risk
86.57,91.65,7.75,83.04,25.46,0,8.07,Low Risk
81.8,83.97,4.05,78.36,30.0,0,8.18,Low Risk
46.4,58.83,3.03,24.54,13.31,2,5.65,High Risk
58.37,64.13,5.09,66.57,18.38,1,6.03,Medium Risk
76.68,92.41,7.62,100.0,25.08,0,7.91,Low Risk
88.56,91.2,8.17,97.78,29.99,0,8.71,Low Risk
77.82,81.81,6.19,98.52,27.35,0,9.64,Low Risk
94.7,84.62,9.01,79.31,29.26,0,8.44,Low Risk
80.16,94.76,7.69,95.3,24.42,0,7.41,Low Risk
86.97,86.58,6.59,92.78,25.53,0,8.85,Low Risk
42.32,53.23,2.98,52.55,6.38,4,5.47,High Risk
63.76,69.85,4.45,51.54,21.84,1,7.14,Medium Risk
100.0,86.89,10.96,90.37,25.68,0,9.11,Low Risk
61.37,53.75,5.31,50.85,10.06,2,4.32,High Risk
52.46,69.25,1.96,60.99,16.23,1,5.77,High Risk
82.62,88.88,7.52,82.13,21.68,0,8.41,Low Risk
85.01,78.58,10.41,83.0,23.97,0,9.02,Low Risk
73.85,92.85,10.05,93.82,30.0,0,8.64,Low Risk
72.14,67.74,4.53,67.35,15.34,1,7.13,Medium Risk
90.27,100.0,5.6,92.87,22.95,0,8.79,Low Risk
68.96,77.78,1.78,69.45,21.91,1,7.29,Medium Risk
67.37,69.38,5.64,81.4,26.61,0,9.33,Low Risk
39.14,49.61,3.8,40.1,13.41,0,5.26,High Risk
89.73,91.77,11.09,100.0,23.94,0,8.94,Low Risk
66.64,76.65,4.81,82.73,16.38,0,7.85,Low Risk
73.76,92.24,10.13,73.26,30.0,0,7.57,Low Risk
74.96,88.65,11.12,100.0,27.81,0,8.43,Low Risk
79.26,84.59,6.2,92.44,23.51,0,8.11,Low Risk
38.11,65.97,2.59,60.81,15.32,2,4.92,High Risk
61.79,80.14,5.26,78.35,19.63,1,6.74,Medium Risk
71.48,78.38,5.55,61.74,20.92,0,6.82,Medium Risk
49.88,58.94,2.08,59.03,14.99,1,4.95,High Risk
39.05,62.66,3.23,60.13,12.99,1,5.63,High Risk
54.87,61.07,2.07,42.5,13.11,1,5.02,High Risk
79.89,84.45,5.7,100.0,26.04,0,8.67,Low Risk
65.46,72.06,3.8,76.16,17.74,0,7.52,Medium Risk
88.42,79.37,8.44,85.73,27.75,0,9.01,Low Risk
84.98,81.33,9.94,94.91,25.24,0,8.21,Low Risk
63.38,74.03,4.39,74.49,16.82,0,6.85,Medium Risk
93.81,86.82,9.24,100.0,20.8,0,8.81,Low Risk
63.23,57.67,2.2,55.13,21.9,2,7.69,High Risk
79.86,95.46,9.61,100.0,24.91,0,8.55,Low Risk
43.81,48.89,0.5,37.93,18.85,2,4.81,High Risk
93.17,85.83,3.24,91.85,25.68,0,8.53,Low Risk
89.79,78.78,8.5,81.09,28.5,0,9.12,Low Risk
52.67,71.4,4.34,78.85,18.3,0,6.9,Medium Risk
40.36,63.21,1.51,56.89,8.16,3,4.19,High Risk
98.79,92.87,9.19,89.58,22.68,0,8.36,Low Risk
80.68,90.5,7.62,83.96,25.0,0,7.43,Low Risk
64.1,70.24,2.94,73.13,22.15,0,7.0,Medium Risk
60.61,64.54,2.03,56.91,11.34,2,4.27,High Risk
82.51,80.18,7.96,91.49,29.66,0,7.32,Low Risk
80.86,92.23,5.97,82.75,24.88,0,8.9,Low Risk
36.35,65.19,1.06,49.31,10.44,0,4.64,High Risk
73.55,67.8,3.89,62.91,19.68,2,6.96,High Risk
89.18,87.03,9.78,89.89,25.3,0,8.8,Low Risk
76.73,69.63,2.09,56.21,19.81,0,6.15,Medium Risk
68.88,68.44,2.93,72.75,16.81,0,6.72,Medium Risk
50.88,81.08,3.59,62.13,14.47,2,6.93,High Risk
80.16,68.84,3.81,57.65,18.08,0,8.3,Medium Risk
90.97,100.0,7.01,100.0,24.78,0,8.67,Low Risk
66.09,74.95,4.54,82.85,20.43,0,7.58,Low Risk
72.28,87.59,9.47,91.94,26.53,0,7.63,Low Risk
51.52,60.07,1.93,45.16,9.75,3,5.19,High Risk
72.01,83.71,3.1,87.82,20.93,0,6.88,Low Risk
94.33,93.07,11.38,81.2,28.1,0,7.7,Low Risk
46.55,55.32,1.63,55.5,11.53,2,5.63,High Risk
57.19,73.5,4.44,66.19,16.7,0,6.73,Medium Risk
72.11,82.94,6.8,74.86,17.71,0,6.09,Medium Risk
65.15,75.35,6.17,71.96,21.13,1,8.55,Medium Risk
82.59,82.77,5.18,87.58,25.15,0,8.38,Low Risk
55.82,65.21,3.91,41.9,11.09,1,5.88,High Risk
75.64,72.32,3.98,52.95,29.63,3,6.9,High Risk
76.13,70.69,3.88,70.29,19.06,0,7.11,Medium Risk
84.15,86.71,8.02,87.14,23.67,0,8.6,Low Risk
98.98,79.76,8.97,92.34,25.18,0,8.58,Low Risk
59.79,82.18,4.3,56.32,16.98,1,6.94,Medium Risk
83.56,83.3,6.12,92.07,21.56,0,9.33,Low Risk
74.53,75.69,4.44,89.58,28.15,0,9.14,Low Risk
86.51,90.04,8.5,98.05,30.0,0,7.44,Low Risk
66.74,77.93,2.13,79.33,18.61,0,6.52,Medium Risk
86.59,75.62,7.28,87.81,21.22,0,8.58,Low Risk
94.54,84.25,7.8,100.0,23.93,0,9.13,Low Risk
55.58,68.75,4.9,86.05,18.26,0,6.93,Medium Risk
76.03,85.14,8.48,99.73,25.3,0,7.96,Low Risk
63.15,64.05,5.42,76.52,21.7,0,7.28,Medium Risk
57.0,63.16,3.43,65.28,26.22,1,6.46,Medium Risk
54.98,56.29,1.75,69.12,11.19,3,5.96,High Risk
61.02,72.65,2.77,73.27,15.48,1,7.11,Medium Risk
49.72,53.44,1.86,56.14,12.23,3,5.98,High Risk
72.07,67.46,2.15,60.27,20.01,0,6.96,Medium Risk
90.68,81.71,7.94,82.66,25.77,0,9.21,Low Risk
82.19,75.65,7.37,100.0,23.92,0,8.9,Low Risk
79.51,84.29,8.22,68.38,30.0,0,7.19,Low Risk
91.22,94.29,7.82,98.61,24.05,0,8.76,Low Risk
78.28,80.83,7.73,97.3,28.19,0,8.13,Low Risk
80.32,98.04,7.4,89.01,27.47,0,7.93,Low Risk
52.16,75.92,2.81,60.23,18.07,0,6.5,Medium Risk
60.87,62.11,5.13,82.53,19.33,0,6.51,Medium Risk
57.89,57.64,0.5,50.29,9.07,0,5.67,High Risk
65.49,71.94,7.09,70.73,22.54,0,6.39,Low Risk
74.77,83.14,4.87,88.49,26.47,0,8.22,Low Risk
62.85,72.46,4.32,74.36,19.8,1,6.99,Medium Risk
48.06,43.53,1.99,34.91,8.65,0,4.94,High Risk
67.82,68.56,1.61,68.86,14.55,0,7.38,Medium Risk
66.27,68.71,5.93,64.52,15.98,0,8.09,Medium Risk
80.9,82.37,6.88,87.7,22.23,0,8.43,Low Risk
92.97,87.85,7.22,98.56,27.05,0,7.26,Low Risk
35.0,64.6,3.92,45.5,14.31,1,5.54,High Risk
81.2,92.95,7.2,89.37,24.79,0,9.75,Low Risk
78.74,91.97,7.43,98.4,30.0,0,8.43,Low Risk
82.88,82.14,7.96,87.28,30.0,0,7.95,Low Risk
48.92,68.55,2.21,86.27,23.92,1,6.3,Medium Risk
75.24,96.42,2.73,94.51,26.87,0,8.49,Low Risk
69.34,72.05,2.99,84.02,21.98,0,7.15,Medium Risk
67.68,74.23,6.58,57.7,14.82,1,7.4,Medium Risk
71.08,77.2,3.75,74.73,13.76,0,6.98,Medium Risk
65.42,58.8,5.5,65.71,24.03,1,6.88,Medium Risk
88.39,86.31,10.83,94.27,23.25,0,9.11,Low Risk
79.47,100.0,8.75,93.89,23.05,0,7.79,Low Risk
71.49,74.3,6.83,80.07,19.49,0,6.66,Low Risk
88.0,89.68,8.21,92.68,28.23,0,8.15,Low Risk
58.92,66.66,3.61,73.44,15.06,0,6.56,Medium Risk
83.63,86.08,7.67,92.56,23.22,0,7.42,Low Risk
83.54,90.79,6.4,90.33,21.2,0,8.59,Low Risk
68.79,74.22,5.24,65.82,17.87,0,6.46,Medium Risk
67.77,79.59,3.17,75.87,18.74,0,7.2,Medium Risk
68.9,62.42,4.86,67.29,13.3,1,6.39,High Risk
65.15,71.54,2.15,66.04,20.74,4,6.26,High Risk
63.56,72.67,5.37,55.8,16.45,0,6.3,Medium Risk
67.01,71.66,4.47,56.35,17.95,0,6.99,Medium Risk
43.15,61.58,0.59,42.23,10.1,3,5.53,High Risk
56.03,74.29,6.27,88.33,19.44,1,7.32,Medium Risk
35.38,48.79,5.0,30.91,20.76,2,4.0,High Risk
41.56,56.72,2.22,36.54,9.84,2,5.39,High Risk
63.84,80.5,4.81,70.15,16.04,0,7.05,Medium Risk
84.6,98.5,9.04,100.0,27.79,0,8.7,Low Risk
92.85,93.32,8.66,85.49,30.0,0,8.14,Low Risk
73.85,77.73,4.82,61.33,13.2,0,6.78,Medium Risk
73.21,89.35,7.52,100.0,29.07,0,8.1,Low Risk
57.1,74.43,3.98,68.21,19.55,2,6.71,High Risk
81.24,86.22,8.23,98.18,23.48,0,7.84,Low Risk
52.44,64.24,4.71,65.34,17.39,0,5.43,Medium Risk
93.44,100.0,6.8,76.58,30.0,1,7.71,Medium Risk
79.56,87.54,10.32,78.97,19.4,0,9.44,Low Risk
69.68,60.41,3.8,71.5,22.18,0,7.5,Medium Risk
57.78,67.35,5.41,71.05,15.14,0,5.85,Medium Risk
44.99,60.35,2.39,52.13,11.28,6,4.96,High Risk
94.67,77.77,8.37,89.12,27.63,0,8.32,Low Risk
64.48,74.07,4.34,65.05,17.47,0,6.45,Medium Risk
70.9,93.75,7.68,94.87,26.39,0,8.21,Low Risk
53.18,56.5,2.74,54.35,13.6,3,4.25,High Risk
79.94,84.3,5.0,80.05,26.23,1,8.32,Medium Risk
78.74,95.21,8.78,82.17,28.67,0,8.81,Low Risk
61.89,78.05,1.31,79.03,18.09,1,6.65,Medium Risk
77.9,91.17,8.08,78.19,24.64,0,7.93,Low Risk
78.87,88.32,11.74,80.13,26.06,0,10.0,Low Risk
42.65,61.63,3.21,62.72,10.93,3,5.74,High Risk
82.27,92.53,6.19,99.93,28.16,0,8.64,Low Risk
57.01,66.74,2.11,62.08,18.48,0,6.45,Medium Risk
58.98,75.04,2.52,92.53,17.55,0,7.07,Medium Risk
65.13,80.48,4.99,84.62,18.5,2,6.59,High Risk
77.24,90.0,8.33,91.69,21.22,0,7.78,Low Risk
76.25,86.89,8.33,100.0,26.67,0,8.42,Low Risk
58.12,80.08,3.22,64.02,18.74,2,7.11,High Risk
94.14,84.61,6.44,95.99,28.32,0,7.59,Low Risk
93.65,82.41,8.41,93.54,27.17,0,8.77,Low Risk
99.06,91.3,9.52,100.0,24.47,0,8.03,Low Risk
53.2,56.62,1.17,51.7,9.65,1,5.82,High Risk
52.94,80.99,3.36,73.86,21.31,0,7.15,Medium Risk
87.48,88.29,6.91,96.84,26.92,0,8.02,Low Risk
55.2,69.17,2.86,85.61,20.15,1,7.14,Medium Risk
51.1,55.94,3.82,41.31,17.67,1,5.77,High Risk
74.47,72.33,4.66,71.88,17.6,0,7.96,Medium Risk
67.55,81.31,5.84,75.49,15.04,0,6.78,Medium Risk
47.56,50.16,1.86,46.74,8.82,3,4.12,High Risk
54.73,51.74,3.84,54.15,13.38,1,6.32,High Risk
88.18,97.42,7.35,100.0,28.67,0,8.78,Low Risk
90.71,90.95,6.57,86.98,22.7,0,8.9,Low Risk
66.83,73.74,3.19,78.06,18.82,0,6.65,Medium Risk
80.43,77.4,8.78,93.93,22.26,0,7.99,Low Risk
64.81,73.36,4.97,62.84,23.2,0,6.89,Medium Risk
68.84,62.85,3.82,72.08,24.45,1,5.81,Medium Risk
45.02,53.86,0.5,43.62,14.25,4,4.66,High Risk
48.49,77.27,5.33,72.14,16.01,0,6.63,Medium Risk
88.76,91.95,8.78,98.83,26.84,0,9.33,Low Risk
72.47,63.72,4.95,90.75,15.95,0,6.73,Medium Risk
59.93,64.83,1.34,69.2,25.63,1,6.89,Medium Risk
69.24,73.41,4.02,69.69,21.72,0,7.11,Medium Risk
75.02,48.93,2.77,44.3,11.45,0,5.34,High Risk
58.18,64.55,5.04,75.93,17.66,2,7.86,High Risk
88.05,81.25,6.41,100.0,29.57,0,8.33,Low Risk
60.87,76.87,2.67,72.52,10.98,0,6.23,Medium Risk
47.78,62.21,4.15,64.94,14.71,0,6.36,Medium Risk
86.69,59.99,4.1,62.1,14.78,0,7.21,Medium Risk
75.49,95.11,8.99,85.44,30.0,0,8.67,Low Risk
85.2,87.9,7.65,95.92,28.53,0,8.34,Low Risk
82.58,81.45,6.13,88.24,27.03,0,8.15,Low Risk
78.82,88.4,7.41,86.34,27.81,0,9.34,Low Risk
82.62,91.65,5.46,83.17,23.51,0,8.08,Low Risk
38.23,56.51,2.02,32.06,16.98,0,4.6,High Risk
58.1,63.09,1.91,40.72,11.01,0,5.34,High Risk
78.22,66.15,7.32,69.7,17.49,1,7.0,Medium Risk
73.34,71.57,4.55,71.09,19.94,1,7.01,Medium Risk
46.26,59.53,3.28,68.22,22.9,1,6.68,Medium Risk
42.91,56.66,0.5,48.32,6.48,3,4.46,High Risk
54.67,74.08,5.58,76.64,16.88,2,6.27,High Risk
65.81,73.61,4.66,70.83,22.73,0,7.29,Medium Risk
61.39,65.63,2.67,62.6,15.14,1,7.31,High Risk
76.4,95.38,11.45,96.44,26.55,0,7.91,Low Risk
72.44,72.31,3.21,64.82,18.96,1,6.97,Medium Risk
90.28,92.0,8.43,89.01,29.28,0,8.6,Low Risk
71.9,59.97,3.59,82.79,18.63,1,6.85,Medium Risk
74.12,72.07,2.43,73.77,18.96,1,6.66,Medium Risk
82.92,87.34,8.66,92.3,26.91,0,8.04,Low Risk
51.04,66.53,2.82,60.06,20.98,1,7.08,Medium Risk
73.85,59.83,0.79,68.16,28.35,0,6.13,Medium Risk
67.34,70.25,4.62,72.63,19.34,0,6.86,Medium Risk
42.4,46.19,0.5,33.47,9.99,3,5.0,High Risk
79.15,70.45,1.26,71.34,18.0,0,8.02,Medium Risk
90.9,88.04,5.48,98.76,27.17,0,7.16,Low Risk
48.32,53.34,3.8,36.82,14.84,3,5.86,High Risk
77.48,92.79,7.76,80.75,25.2,1,7.04,Medium Risk
90.3,88.15,7.69,92.39,27.48,0,8.17,Low Risk
77.5,92.22,7.09,83.93,26.91,1,7.96,Medium Risk
79.25,84.45,7.34,92.75,24.44,0,8.28,Low Risk
78.33,87.58,5.23,75.77,21.25,0,9.64,Low Risk
85.9,87.41,7.91,85.48,24.4,0,8.73,Low Risk
41.93,59.25,2.93,55.14,12.7,4,5.51,High Risk
86.54,85.23,7.0,91.16,24.41,0,7.78,Low Risk
89.63,84.13,7.74,90.14,27.68,0,7.69,Low Risk
85.92,82.2,6.33,100.0,22.29,0,9.59,Low Risk
61.88,85.28,5.23,80.68,13.33,1,6.87,Medium Risk
60.32,55.04,3.45,49.69,11.52,5,4.87,High Risk
71.7,73.16,4.75,65.88,22.21,1,7.04,Medium Risk
73.22,63.8,3.23,73.26,17.47,0,7.41,Medium Risk
83.53,88.35,6.74,92.72,26.2,0,8.28,Low Risk
75.84,89.16,7.1,100.0,28.63,0,9.12,Low Risk
66.51,76.66,6.61,60.68,21.64,1,6.68,Medium Risk
77.84,93.57,7.99,92.02,30.0,0,8.86,Low Risk
61.55,78.06,3.51,52.65,17.84,2,7.06,High Risk
40.61,52.53,2.11,47.89,17.21,3,4.67,High Risk
83.14,90.59,8.17,77.86,22.62,0,9.2,Low Risk
88.04,87.2,8.8,81.2,25.0,0,8.02,Low Risk
41.17,45.04,3.71,47.78,11.31,1,5.42,High Risk
76.91,87.2,8.78,90.85,25.29,0,8.58,Low Risk
38.63,52.03,1.81,37.51,14.78,4,6.02,High Risk
70.39,83.19,4.66,66.4,17.25,0,6.73,Medium Risk
63.69,77.6,5.98,59.56,18.23,0,6.75,Medium Risk
54.34,66.77,6.16,74.99,14.13,1,6.7,Medium Risk
77.26,94.74,7.7,100.0,24.44,0,7.98,Low Risk
79.12,85.86,7.22,92.51,27.59,1,7.86,Medium Risk
76.59,76.89,3.73,67.83,23.4,2,6.18,High Risk
87.79,80.85,7.1,99.62,19.62,0,9.07,Low Risk
71.64,90.98,6.69,95.48,28.51,0,9.16,Low Risk
85.2,84.43,8.66,100.0,28.48,0,8.3,Low Risk
41.12,45.69,0.77,46.64,18.47,2,5.98,High Risk
35.0,58.34,2.01,40.86,9.81,1,5.02,High Risk
87.51,81.34,4.13,87.4,29.42,0,7.26,Low Risk
96.5,81.53,7.09,89.81,25.1,1,7.48,Medium Risk
66.0,75.54,3.64,75.79,20.69,0,6.43,Medium Risk
70.55,95.09,7.06,91.04,21.14,0,9.14,Low Risk
38.52,46.0,4.41,54.63,12.99,0,5.3,Medium Risk
77.19,80.08,4.63,91.24,30.0,0,8.26,Low Risk
80.28,87.44,8.83,79.35,27.5,0,9.18,Low Risk
77.29,85.85,6.17,96.81,29.69,0,8.75,Low Risk
50.69,47.85,2.28,38.25,9.14,1,5.06,High Risk
69.42,84.59,2.8,79.96,19.6,0,6.21,Medium Risk
77.87,84.4,7.45,72.21,29.96,0,7.09,Low Risk
45.27,68.79,1.96,44.59,9.08,3,4.8,High Risk
82.38,100.0,7.57,100.0,27.77,0,8.61,Low Risk
65.57,88.96,6.96,100.0,25.31,0,9.21,Low Risk
76.47,82.18,2.87,76.05,15.46,0,6.29,Medium Risk
35.0,51.2,0.5,51.97,19.06,4,5.26,High Risk
83.18,79.76,8.98,81.0,27.26,0,8.98,Low Risk
93.13,96.46,6.66,100.0,26.64,0,8.7,Low Risk
64.16,79.74,5.78,61.62,16.71,1,8.69,Medium Risk
64.58,72.14,5.18,70.62,18.6,0,5.74,Medium Risk
91.23,95.3,7.53,87.19,21.51,0,7.65,Low Risk
79.26,94.2,7.69,100.0,24.48,0,8.88,Low Risk
93.01,87.8,7.42,76.04,29.79,0,8.73,Low Risk
60.98,72.89,5.97,81.8,21.59,0,6.25,Medium Risk
92.02,69.2,5.21,66.32,15.83,0,6.81,Medium Risk
50.47,52.26,1.68,47.07,15.02,0,4.73,High Risk
83.3,100.0,9.88,95.66,23.11,0,8.52,Low Risk
46.49,57.16,2.43,51.97,11.62,1,4.63,High Risk
54.32,59.35,2.25,40.28,15.28,1,6.46,High Risk
84.21,91.63,7.04,91.27,16.49,0,9.1,Low Risk
79.22,96.38,4.99,91.02,26.1,0,7.83,Low Risk
76.49,90.82,8.47,94.49,24.05,0,7.98,Low Risk
83.08,85.59,7.72,85.14,26.63,0,8.83,Low Risk
76.64,78.02,3.32,68.32,25.51,2,6.8,High Risk
69.52,100.0,6.47,100.0,24.94,0,8.89,Low Risk
98.42,89.6,8.07,96.32,24.29,0,8.14,Low Risk
61.49,74.32,1.66,49.63,15.05,1,6.26,High Risk
69.72,75.33,0.5,82.3,16.79,2,6.99,High Risk
75.11,98.27,7.45,87.22,21.3,0,8.91,Low Risk
66.36,71.78,5.25,75.73,17.57,1,6.67,Medium Risk
65.95,69.32,3.16,71.0,26.11,2,6.63,High Risk
70.98,82.83,10.53,100.0,23.66,0,8.25,Low Risk
52.39,63.86,1.21,41.18,11.49,2,5.08,High Risk
89.79,97.72,7.59,98.84,24.82,0,8.56,Low Risk
62.74,76.95,5.78,74.55,24.37,1,6.37,Medium Risk
57.24,74.72,2.17,71.34,18.49,0,7.42,Medium Risk
69.73,78.26,3.97,76.87,20.2,0,6.82,Medium Risk
44.39,63.3,1.36,42.99,16.09,4,5.64,High Risk
78.43,78.95,6.12,100.0,24.81,0,8.54,Low Risk
94.4,96.34,6.2,97.56,29.65,0,7.64,Low Risk
78.41,91.98,6.19,100.0,25.1,0,8.72,Low Risk
63.84,69.85,6.51,58.36,14.84,1,6.02,Medium Risk
69.58,79.82,3.63,81.92,18.12,0,6.63,Medium Risk
52.6,59.89,1.25,51.43,13.93,0,5.66,Medium Risk
81.65,93.94,7.39,78.34,24.93,0,8.92,Low Risk
77.31,84.55,4.67,94.06,30.0,0,8.2,Low Risk
86.94,95.41,7.72,84.07,23.86,0,8.88,Low Risk
100.0,82.15,7.06,93.14,23.94,0,8.61,Low Risk
59.95,78.79,4.28,63.2,20.08,0,6.67,Medium Risk
71.82,76.62,4.21,79.31,21.88,0,7.27,Low Risk
64.86,85.0,3.12,77.05,21.77,1,6.1,Medium Risk
50.65,78.72,5.82,53.45,21.69,0,7.58,Medium Risk
35.0,43.43,4.02,37.82,8.03,2,6.03,High Risk
75.0,86.17,7.28,91.94,22.04,0,7.6,Low Risk
70.72,73.61,4.66,65.53,24.14,0,6.55,Medium Risk
69.25,69.6,4.88,71.92,18.39,1,7.31,Medium Risk
71.36,71.72,6.22,79.52,20.41,0,7.17,Low Risk
40.97,50.24,2.86,38.77,16.33,1,5.47,High Risk
68.5,66.8,5.45,71.07,16.81,1,7.06,Medium Risk
84.18,88.19,8.61,92.45,27.91,0,9.32,Low Risk
40.62,46.64,1.96,48.15,5.59,1,5.39,High Risk
51.98,75.23,5.79,54.5,21.4,0,6.51,Medium Risk
86.99,90.23,7.37,99.27,22.26,0,7.81,Low Risk
56.69,66.24,5.43,73.57,19.51,1,7.2,Medium Risk
52.47,54.89,1.74,53.49,14.34,3,5.23,High Risk
45.34,62.51,0.56,47.61,16.94,0,5.48,Medium Risk
74.5,90.18,6.9,96.81,26.27,0,7.36,Low Risk
85.94,80.14,4.38,96.98,24.36,0,10.0,Low Risk
81.27,90.9,8.8,83.54,29.47,0,8.29,Low Risk
67.63,73.27,4.67,52.32,22.46,1,7.07,Medium Risk
59.15,70.24,3.99,68.35,16.38,0,6.23,Medium Risk
47.28,61.34,4.41,42.16,12.25,1,4.95,High Risk
62.13,72.96,1.13,80.27,15.83,3,7.05,High Risk
89.43,99.13,7.29,87.33,24.98,0,8.33,Low Risk
79.09,85.83,6.44,100.0,21.88,0,7.92,Low Risk
62.34,81.25,1.19,68.31,19.48,3,6.68,High Risk
77.6,81.27,2.9,70.62,21.14,1,5.87,Medium Risk
78.31,91.0,6.92,88.3,29.06,0,8.58,Low Risk
62.98,79.82,6.72,100.0,20.8,0,9.32,Low Risk
85.82,93.01,7.01,97.32,28.04,0,8.74,Low Risk
49.43,61.07,0.54,61.36,15.04,0,5.81,Medium Risk
45.05,49.23,3.42,46.78,6.9,0,5.44,High Risk
60.58,73.97,3.31,82.92,19.85,0,6.58,Medium Risk
65.73,87.11,3.63,64.33,23.91,1,6.78,Medium Risk
91.27,82.94,6.89,79.99,25.15,0,8.62,Low Risk
90.94,95.3,7.92,79.85,27.76,0,8.11,Low Risk
85.04,93.18,4.52,100.0,24.83,0,8.3,Low Risk
35.0,58.68,3.32,44.52,8.83,3,6.48,High Risk
81.89,63.94,2.91,67.09,17.9,1,6.09,High Risk
94.04,77.54,6.75,80.59,25.5,0,8.16,Low Risk
83.72,82.63,7.85,100.0,23.0,0,7.9,Low Risk
83.61,82.8,8.23,93.36,27.14,0,8.68,Low Risk
51.54,48.48,2.26,47.59,18.03,4,5.25,High Risk
70.06,89.56,6.68,82.17,26.41,0,8.1,Low Risk
82.26,79.19,7.04,100.0,27.3,0,8.07,Low Risk
91.63,89.63,7.93,86.49,27.08,0,8.92,Low Risk
71.33,78.53,8.12,90.07,27.14,0,7.92,Low Risk
68.52,73.27,4.05,53.77,19.99,0,6.54,Medium Risk
78.08,90.57,8.8,93.36,26.9,0,8.01,Low Risk
79.47,81.72,8.77,98.72,23.97,0,8.65,Low Risk
84.1,89.83,8.9,87.29,28.85,0,8.26,Low Risk
65.74,79.5,4.57,69.05,15.09,1,6.98,Medium Risk
39.66,56.19,2.55,41.55,14.3,3,6.38,High Risk
62.74,83.01,6.05,61.46,16.28,0,7.72,Medium Risk
86.46,79.44,5.64,89.44,27.92,0,9.06,Low Risk
80.92,97.75,4.7,100.0,27.69,0,8.09,Low Risk
57.91,75.18,3.26,60.09,21.2,0,5.75,Medium Risk
50.65,67.22,2.76,25.8,19.3,1,6.0,High Risk
79.19,85.96,10.28,91.88,22.83,0,8.14,Low Risk
52.19,82.82,1.34,70.22,16.98,0,7.82,Medium Risk
42.97,63.71,1.54,43.36,11.42,6,5.18,High Risk
76.91,86.64,7.9,92.93,19.51,0,8.03,Low Risk
69.45,73.47,2.73,66.37,23.51,1,6.83,Medium Risk
56.2,57.71,0.5,50.83,17.23,2,5.37,High Risk
75.45,85.98,4.82,100.0,29.86,0,8.22,Low Risk
62.59,66.87,1.76,71.68,18.87,0,7.13,Medium Risk
52.89,71.59,5.15,85.88,27.38,1,6.34,Medium Risk
84.81,80.25,8.0,91.5,24.85,0,7.68,Low Risk
46.32,41.71,1.52,41.5,13.67,0,4.62,High Risk
79.93,79.46,7.28,87.92,30.0,0,8.17,Low Risk
45.87,77.8,2.67,78.81,18.25,0,6.56,Medium Risk
64.72,71.87,3.41,60.79,18.14,2,6.32,High Risk
78.05,86.74,6.3,100.0,25.68,0,8.26,Low Risk
97.47,95.33,6.81,100.0,25.88,0,8.63,Low Risk
60.61,68.55,3.57,81.83,22.35,1,6.85,Medium Risk
55.75,83.63,8.01,89.07,15.03,0,5.42,Low Risk
92.06,89.38,6.68,77.19,30.0,0,8.16,Low Risk
88.47,89.43,8.81,100.0,24.57,0,8.24,Low Risk
70.81,65.73,2.75,71.81,17.96,1,6.22,High Risk
90.41,87.1,6.91,89.06,28.49,0,8.81,Low Risk
100.0,91.84,6.67,95.36,28.55,0,7.29,Low Risk
62.16,72.44,7.89,67.21,17.35,1,6.7,Medium Risk
68.56,62.14,5.48,78.03,15.66,1,7.42,Medium Risk
74.32,72.63,5.59,70.31,17.91,2,6.27,High Risk
73.76,100.0,7.78,100.0,22.24,1,7.86,Medium Risk
64.11,82.75,4.65,77.5,17.11,1,6.04,Medium Risk
84.03,85.39,9.93,80.87,28.03,0,8.22,Low Risk
88.18,91.32,9.5,99.62,27.5,0,9.07,Low Risk
88.02,72.48,3.76,83.31,30.0,0,9.27,Low Risk
85.52,78.46,6.51,95.83,26.06,0,9.71,Low Risk
84.8,84.04,6.74,78.04,26.21,0,7.91,Low Risk
91.61,89.7,8.29,90.28,25.41,0,8.45,Low Risk
84.12,93.8,8.16,100.0,24.11,0,9.32,Low Risk
67.7,62.76,3.81,68.59,15.37,1,6.57,High Risk
55.96,37.45,2.11,51.93,12.32,4,5.28,High Risk
78.18,84.87,8.59,93.47,28.24,0,9.33,Low Risk
43.82,53.07,0.88,31.43,15.98,1,5.65,High Risk
68.66,85.34,7.27,100.0,26.85,0,9.03,Low Risk
59.22,65.66,3.68,62.17,16.96,0,6.35,Medium Risk
88.27,86.94,8.76,100.0,29.17,0,9.27,Low Risk
76.66,89.5,10.1,86.28,25.88,0,8.28,Low Risk
41.59,55.47,2.68,41.38,15.24,5,5.74,High Risk
70.08,59.34,4.02,65.9,19.73,2,7.01,High Risk
66.03,82.27,3.31,53.45,16.65,0,7.08,Medium Risk
79.48,82.12,6.88,86.04,19.91,0,8.83,Low Risk
61.36,68.37,4.43,62.37,17.65,1,6.49,Medium Risk
58.41,73.53,4.15,52.81,21.07,0,7.44,Medium Risk
64.61,85.71,5.56,97.78,28.41,0,8.36,Low Risk
40.36,52.81,0.5,34.01,15.59,1,5.97,High Risk
69.65,76.19,5.47,85.62,30.0,0,7.81,Low Risk
83.62,90.43,8.22,92.69,22.15,0,8.22,Low Risk
69.11,63.3,6.53,59.73,17.84,0,5.58,Medium Risk
86.87,83.86,5.71,78.56,19.63,0,7.76,Low Risk
72.67,76.19,6.61,79.87,19.59,1,7.3,Medium Risk
76.12,88.88,6.31,88.19,21.9,0,7.87,Low Risk
72.03,88.87,8.94,100.0,24.12,0,8.21,Low Risk
70.5,64.67,3.68,78.26,22.63,1,6.13,Medium Risk
96.92,81.4,7.02,100.0,21.78,0,9.5,Low Risk
61.73,56.87,2.64,65.08,13.41,5,4.97,High Risk
83.72,90.11,5.75,100.0,28.26,0,8.38,Low Risk
90.56,95.76,8.26,100.0,29.51,0,8.85,Low Risk
64.98,73.1,2.6,58.67,15.98,0,6.56,Medium Risk
56.01,64.47,7.27,74.77,19.91,1,6.24,Medium Risk
51.94,62.29,2.43,34.06,12.26,2,6.08,High Risk
87.24,66.95,2.64,57.82,21.2,1,6.1,High Risk
67.67,79.6,0.5,65.51,22.59,0,7.14,Medium Risk
41.09,52.04,2.02,45.24,11.14,1,4.5,High Risk
100.0,89.38,7.05,86.15,27.59,0,8.36,Low Risk
64.29,68.75,3.17,69.43,14.91,2,6.98,High Risk
67.07,59.67,3.47,64.42,17.24,0,5.56,Medium Risk
41.0,56.62,0.5,46.18,15.15,3,5.59,High Risk
51.43,45.37,0.5,50.43,14.88,3,4.82,High Risk
76.39,87.31,6.59,88.46,23.84,0,9.19,Low Risk
79.31,83.02,7.2,85.17,26.1,0,7.84,Low Risk
83.48,93.29,10.47,100.0,22.02,0,8.36,Low Risk
79.28,87.42,8.77,90.43,22.79,0,9.33,Low Risk
48.96,38.42,3.78,47.58,11.93,3,4.82,High Risk
50.94,46.24,4.4,41.83,15.1,2,4.51,High Risk
43.73,36.09,2.52,39.95,9.11,3,5.46,High Risk
46.15,60.41,0.5,47.22,10.25,2,5.74,High Risk
83.09,88.86,5.55,94.1,23.73,0,8.88,Low Risk
36.2,51.44,1.75,37.29,14.48,3,5.78,High Risk
74.64,68.89,4.42,73.37,21.7,1,7.99,Medium Risk
84.2,82.7,7.05,97.48,30.0,0,7.72,Low Risk
84.39,84.14,6.47,90.82,22.9,0,8.3,Low Risk
58.68,83.09,5.24,67.45,22.57,1,7.22,Medium Risk
56.01,69.28,4.77,92.14,21.34,0,6.48,Medium Risk
75.42,76.29,6.01,92.92,24.7,0,8.49,Low Risk
75.04,53.8,6.08,74.11,20.89,0,6.75,Medium Risk
64.12,76.02,3.92,63.05,24.0,1,6.42,Medium Risk
59.6,51.63,0.5,38.46,10.69,5,4.83,High Risk
95.64,77.57,8.71,91.04,24.64,0,7.76,Low Risk
77.64,77.65,5.57,79.52,18.76,0,6.36,Medium Risk
94.77,91.79,5.61,100.0,27.25,0,7.81,Low Risk
35.0,53.6,0.5,43.32,16.83,2,4.0,High Risk
70.72,59.56,3.85,76.37,21.33,1,7.27,Medium Risk
51.35,58.26,0.5,47.7,8.03,3,5.72,High Risk
52.74,65.92,2.3,56.73,15.89,1,6.18,High Risk
68.0,72.31,3.59,66.71,17.49,0,6.41,Medium Risk
51.05,54.5,2.12,46.82,9.76,2,5.68,High Risk
81.11,100.0,7.92,86.01,28.62,0,8.66,Low Risk
83.71,86.58,8.49,100.0,23.76,0,7.88,Low Risk
50.72,53.52,0.5,49.75,11.88,1,6.13,High Risk
97.29,100.0,6.81,86.58,27.41,0,8.48,Low Risk
100.0,91.77,7.64,79.34,25.9,0,9.23,Low Risk
45.12,52.27,3.4,50.86,13.64,1,4.67,High Risk
66.69,91.03,7.01,100.0,24.44,0,8.76,Low Risk
48.88,51.81,4.45,35.62,13.61,6,5.83,High Risk
67.27,83.13,4.19,66.42,14.85,0,6.18,Medium Risk
71.5,91.61,6.71,99.15,22.24,0,8.54,Low Risk
91.56,76.71,9.4,95.4,30.0,0,8.69,Low Risk
81.4,76.4,6.09,86.15,27.83,0,8.06,Low Risk
68.6,74.09,4.04,85.98,14.56,2,7.25,High Risk
56.39,73.0,4.7,65.88,22.14,0,6.51,Medium Risk
81.71,90.28,4.33,90.12,27.6,0,9.14,Low Risk
44.75,43.84,0.58,49.06,9.46,2,4.89,High Risk
56.86,59.19,0.6,42.41,12.62,2,5.02,High Risk
88.53,91.83,6.67,87.83,28.31,1,8.79,Medium Risk
49.08,54.65,0.5,42.22,12.28,1,6.0,High Risk
76.79,78.5,6.05,100.0,28.83,0,9.0,Low Risk
68.2,54.56,2.56,26.68,11.37,2,5.15,High Risk
79.16,70.54,6.07,88.37,20.44,0,6.06,Medium Risk
61.98,71.61,6.22,63.4,16.78,2,6.73,High Risk
68.44,72.95,5.69,67.94,18.86,1,6.45,Medium Risk
59.1,73.34,4.24,80.6,13.98,1,6.62,Medium Risk
43.43,63.15,4.64,58.36,11.59,1,5.02,High Risk
66.36,72.48,4.15,68.46,16.32,0,6.64,Medium Risk
63.37,56.02,2.07,63.0,14.55,3,4.92,High Risk
93.47,73.08,9.05,92.37,27.79,0,8.87,Low Risk
50.53,44.43,4.05,47.53,15.43,4,5.17,High Risk
90.96,89.52,8.24,93.35,27.09,0,8.39,Low Risk
63.45,81.42,6.41,69.8,21.12,0,6.62,Low Risk
59.53,68.68,5.31,72.7,18.57,2,7.04,High Risk
83.6,84.81,5.62,97.51,27.19,0,9.7,Low Risk
50.03,53.63,0.5,43.79,10.85,1,4.79,High Risk
75.09,79.81,6.55,83.52,24.36,0,8.78,Low Risk
51.45,76.5,5.71,64.87,17.93,0,7.12,Medium Risk
88.35,96.21,6.94,98.95,17.45,0,8.48,Low Risk
43.0,61.05,1.67,52.47,15.78,6,5.43,High Risk
42.53,54.22,3.66,57.81,12.6,0,4.99,Medium Risk
88.0,87.57,6.7,100.0,23.37,0,8.69,Low Risk
81.02,69.71,3.74,73.24,20.62,1,6.41,Medium Risk
73.97,77.59,6.55,69.39,22.58,1,7.03,Medium Risk
48.13,67.66,1.19,33.97,14.3,2,6.03,High Risk
81.31,87.78,9.52,100.0,28.02,0,9.08,Low Risk
54.0,74.34,2.8,74.4,17.36,1,6.78,Medium Risk
55.62,65.84,4.81,64.72,12.22,0,7.62,Medium Risk
78.57,93.49,7.02,84.97,25.22,0,7.39,Low Risk
47.91,54.19,2.77,39.06,14.0,4,5.38,High Risk
68.57,76.81,4.65,72.75,19.49,0,7.55,Medium Risk
89.52,90.81,6.9,94.02,26.04,0,8.43,Low Risk
87.95,90.77,7.89,87.05,23.99,1,8.12,Medium Risk
83.73,93.74,8.18,87.35,25.41,1,8.65,Medium Risk
35.0,47.91,1.56,53.11,11.16,2,4.73,High Risk
88.45,90.51,7.18,86.65,22.16,0,7.99,Low Risk
36.21,62.07,2.53,34.41,14.89,1,5.51,High Risk
71.48,74.22,3.11,70.49,19.38,1,6.81,Medium Risk
59.05,42.6,2.71,74.71,19.24,4,5.58,High Risk
86.65,85.84,8.96,87.69,25.44,0,8.0,Low Risk
58.97,72.86,7.12,65.68,18.91,1,6.94,Medium Risk
63.55,60.69,2.08,47.59,12.2,1,6.15,High Risk
73.17,50.69,6.35,60.55,16.08,0,7.07,Medium Risk
81.38,96.83,6.99,100.0,24.57,0,7.15,Low Risk
86.72,85.29,6.53,83.8,26.28,0,8.9,Low Risk
64.89,71.54,2.54,67.3,16.71,0,7.27,Medium Risk
72.47,96.9,8.74,84.59,25.24,0,9.07,Low Risk
54.41,48.92,0.64,39.49,8.65,2,5.65,High Risk
70.92,99.61,8.95,91.0,25.13,0,8.45,Low Risk
62.23,67.69,5.47,52.78,24.33,0,6.63,Medium Risk
54.15,54.25,0.59,26.18,18.55,3,6.62,High Risk
80.34,89.42,7.78,100.0,27.82,0,8.03,Low Risk
98.51,94.52,6.51,88.11,25.51,0,8.08,Low Risk
49.72,41.89,1.34,31.46,10.89,0,5.06,High Risk
86.55,82.73,9.51,75.12,26.35,0,8.31,Low Risk
42.65,54.66,0.5,44.64,17.6,3,5.81,High Risk
62.79,78.48,3.08,67.92,18.86,1,6.24,Medium Risk
73.76,67.12,1.99,65.15,16.81,0,6.19,Medium Risk
90.4,83.99,7.77,96.8,22.24,0,7.52,Low Risk
76.02,86.04,9.05,100.0,26.73,0,7.86,Low Risk
86.82,97.25,6.19,87.13,25.79,0,9.3,Low Risk
42.66,59.62,0.5,49.24,15.96,0,5.14,High Risk
55.27,63.43,3.19,51.3,16.48,1,6.29,High Risk
83.87,85.89,8.87,85.5,25.06,1,9.05,Medium Risk
63.5,43.87,0.59,32.76,12.36,3,5.13,High Risk
82.17,70.35,1.88,52.16,14.5,1,5.55,High Risk
82.55,90.37,6.76,80.74,26.07,0,8.45,Low Risk
40.77,53.5,3.19,52.33,7.29,1,4.43,High Risk
61.16,67.25,1.39,59.58,13.06,1,5.36,High Risk
75.75,89.43,6.71,97.57,29.39,0,8.28,Low Risk
46.37,52.78,3.08,49.7,17.25,3,6.53,High Risk
45.27,46.63,1.9,53.31,14.35,1,4.45,High Risk
89.04,92.36,6.29,100.0,24.11,1,7.82,Medium Risk
70.92,82.97,3.59,75.55,20.28,0,5.87,Medium Risk
43.7,44.49,1.22,36.88,16.98,1,4.94,High Risk
83.58,93.35,6.67,93.51,28.84,0,7.67,Low Risk
57.48,66.86,2.78,80.99,16.88,1,8.17,Medium Risk
87.85,96.28,6.46,100.0,22.57,0,8.27,Low Risk
52.3,69.25,3.89,75.61,24.42,0,7.23,Medium Risk
69.31,78.68,8.26,82.07,19.54,0,8.03,Low Risk
76.96,88.93,3.77,52.25,19.86,0,5.47,Medium Risk
56.31,74.97,4.95,63.0,22.63,1,6.22,Medium Risk
86.23,85.6,6.74,84.38,24.25,0,9.59,Low Risk
98.38,86.03,8.46,86.86,27.72,0,7.9,Low Risk
84.32,90.98,9.65,97.24,24.65,0,8.81,Low Risk
64.85,71.66,3.41,77.35,17.57,1,6.62,Medium Risk
51.26,67.09,1.83,65.77,19.58,1,6.95,High Risk
80.87,86.78,7.48,99.77,23.61,0,8.48,Low Risk
51.23,48.62,2.77,47.2,19.89,4,5.74,High Risk
100.0,96.53,6.97,92.99,24.75,0,9.07,Low Risk
96.58,79.74,7.88,90.03,29.68,0,8.61,Low Risk
82.57,88.02,7.62,90.55,23.87,0,9.37,Low Risk
52.43,43.44,3.66,62.51,10.57,0,4.4,High Risk
63.76,91.91,7.06,94.17,22.55,0,8.53,Low Risk
90.37,79.79,9.07,95.09,24.87,0,8.28,Low Risk
67.99,63.9,5.04,70.97,22.27,1,7.15,Medium Risk
87.68,82.73,6.48,100.0,26.41,0,8.52,Low Risk
72.64,66.27,2.4,61.96,15.69,0,6.48,Medium Risk
81.72,90.69,8.46,86.35,26.22,0,8.37,Low Risk
91.99,98.65,6.85,95.63,25.93,0,9.23,Low Risk
66.12,61.92,4.56,77.97,24.35,0,7.09,Medium Risk
48.33,53.92,2.34,48.78,8.19,0,4.68,High Risk
41.87,46.0,0.5,36.69,13.28,3,5.22,High Risk
46.23,58.85,0.5,40.09,15.56,4,4.48,High Risk
40.25,50.46,1.53,47.84,16.0,1,5.34,High Risk
60.82,72.93,3.1,61.78,18.95,0,5.59,Medium Risk
38.2,67.67,2.2,44.83,12.65,1,5.0,High Risk
70.51,66.51,3.85,84.3,20.5,0,6.16,Medium Risk
77.22,86.47,6.52,82.19,23.65,0,9.59,Low Risk
46.17,48.69,2.25,42.15,16.48,3,4.81,High Risk
69.05,97.16,8.12,83.99,27.88,0,8.46,Low Risk
52.82,66.46,1.27,86.67,18.11,0,6.99,Medium Risk
91.58,83.46,8.52,67.04,28.4,0,9.17,Low Risk
78.65,94.13,7.41,82.47,18.51,0,8.82,Low Risk
79.35,95.07,6.71,86.86,23.23,0,8.67,Low Risk
88.48,92.27,9.12,99.51,27.38,0,8.73,Low Risk
71.96,73.35,8.13,91.4,30.0,0,8.44,Low Risk
42.4,54.04,1.73,21.94,10.56,1,4.97,High Risk
63.42,59.82,5.95,74.51,19.03,1,7.34,Medium Risk
48.47,59.14,1.4,51.47,12.52,3,6.1,High Risk
42.96,56.77,0.5,53.74,17.19,5,4.47,High Risk
59.32,59.53,1.06,52.5,12.29,1,5.69,High Risk
61.55,63.24,3.84,72.42,19.75,0,6.47,Medium Risk
73.2,79.38,5.95,61.01,15.33,1,8.1,Medium Risk
58.39,73.0,3.61,85.1,18.78,0,7.38,Medium Risk
77.2,67.7,3.53,84.41,21.68,0,6.39,Medium Risk
56.2,45.43,0.51,39.43,15.37,3,6.47,High Risk
86.13,83.05,6.14,93.62,27.46,0,8.42,Low Risk
60.12,77.27,5.82,68.73,26.78,2,6.85,High Risk
55.35,66.01,2.87,44.35,20.63,0,6.2,Medium Risk
48.12,63.3,0.84,46.81,11.93,2,5.53,High Risk
67.97,60.06,2.88,79.8,13.95,1,5.96,High Risk
58.18,50.97,1.91,45.56,14.02,2,5.76,High Risk
59.31,49.92,1.38,48.16,9.31,0,5.17,High Risk
59.09,50.29,3.74,47.42,16.63,2,5.5,High Risk
69.58,73.32,5.18,68.94,15.53,1,5.92,Medium Risk
90.98,93.88,6.05,91.29,25.1,0,9.34,Low Risk
55.64,61.27,2.55,45.01,15.56,5,6.67,High Risk
65.94,77.75,1.05,54.49,19.72,1,7.38,Medium Risk
51.92,52.73,2.11,40.01,10.71,0,5.14,High Risk
51.97,51.64,4.22,51.34,15.43,0,5.41,Medium Risk
84.3,86.91,8.38,92.03,21.12,0,7.85,Low Risk
79.69,83.85,8.99,100.0,20.87,0,8.56,Low Risk
75.89,76.23,4.3,76.89,23.43,0,7.73,Low Risk
66.13,70.49,1.91,68.8,16.42,1,7.27,Medium Risk
78.91,92.32,7.59,85.91,27.25,0,8.57,Low Risk
62.61,71.32,3.16,69.39,14.78,1,8.0,Medium Risk
64.81,58.79,3.79,73.4,16.46,0,7.13,Medium Risk
59.24,53.05,2.81,58.72,18.36,2,7.32,High Risk
80.73,90.68,9.01,81.85,29.38,0,8.8,Low Risk
74.77,78.59,6.23,82.1,25.68,0,8.51,Low Risk
69.45,77.21,1.15,65.89,16.1,0,7.0,Medium Risk
40.86,91.34,3.12,75.89,16.74,0,6.82,Medium Risk
59.22,68.22,5.67,63.02,16.9,0,6.3,Medium Risk
74.57,63.33,5.46,76.36,18.75,1,6.53,Medium Risk
48.81,50.91,1.72,32.41,13.54,1,5.28,High Risk
75.17,73.51,4.02,77.63,20.94,2,6.12,High Risk
57.11,78.74,3.04,60.93,19.25,1,6.65,Medium Risk
67.89,57.63,4.31,75.0,18.32,0,6.42,Medium Risk
76.95,77.24,4.5,68.26,13.06,2,6.83,High Risk
48.76,62.65,4.59,48.72,13.73,3,4.84,High Risk
62.75,66.19,3.24,83.88,14.74,0,7.32,Medium Risk
53.07,64.0,2.61,28.66,13.94,2,4.94,High Risk
53.08,59.19,2.47,41.25,11.37,0,5.24,High Risk
48.1,63.07,3.3,30.27,20.57,1,6.6,High Risk
41.87,62.22,2.34,31.73,11.91,2,5.24,High Risk
73.2,86.45,10.15,94.88,21.78,0,8.95,Low Risk
79.58,84.07,8.54,100.0,25.18,0,8.64,Low Risk
56.85,62.68,1.79,62.57,15.25,0,7.41,Medium Risk
35.0,55.79,0.83,34.5,6.95,0,5.62,High Risk
80.82,87.13,5.72,88.4,26.81,1,8.27,Medium Risk
89.22,88.25,5.05,96.32,22.83,0,7.99,Low Risk
84.39,100.0,8.65,86.53,27.09,0,8.06,Low Risk
77.16,69.67,1.0,76.84,16.48,0,7.45,Medium Risk
72.21,86.18,3.63,55.67,22.96,0,6.58,Medium Risk
54.87,53.37,3.28,55.41,17.12,1,5.08,High Risk
70.46,72.4,5.18,60.89,21.57,2,7.62,High Risk
74.94,96.05,8.64,99.13,28.36,0,8.5,Low Risk
55.82,66.79,3.05,74.46,17.21,0,7.42,Medium Risk
83.51,86.15,7.83,79.69,22.24,0,8.51,Low Risk
66.37,77.24,5.08,59.81,16.61,0,7.42,Medium Risk
47.03,59.33,1.48,43.37,10.86,3,5.22,High Risk
82.93,78.17,8.28,100.0,24.23,0,8.48,Low Risk
43.52,48.93,1.74,46.19,14.09,2,4.0,High Risk
70.3,73.34,1.95,80.75,22.9,0,7.66,Medium Risk
86.76,89.67,9.43,84.78,30.0,0,9.0,Low Risk
41.84,50.4,0.69,39.18,11.22,2,5.07,High Risk
78.58,89.11,7.72,84.96,28.02,0,8.5,Low Risk
67.33,82.11,4.25,77.86,21.2,1,7.61,Medium Risk
85.12,99.58,8.99,79.49,26.47,0,8.69,Low Risk
56.06,75.6,0.95,73.74,20.59,0,7.27,Medium Risk
88.88,86.46,5.17,93.81,26.3,0,7.79,Low Risk
94.06,87.39,8.11,89.89,23.32,0,8.8,Low Risk
57.62,69.32,3.8,69.31,14.02,2,7.19,High Risk
51.27,67.46,1.36,32.15,10.28,6,5.51,High Risk
67.09,68.1,2.22,72.87,24.74,0,6.72,Medium Risk
84.58,81.9,8.61,81.71,26.26,0,8.4,Low Risk
55.55,77.71,3.27,53.9,22.02,1,6.46,Medium Risk
65.81,75.69,0.5,55.13,18.28,0,7.05,Medium Risk
84.46,94.49,7.9,100.0,27.52,0,8.11,Low Risk
83.69,86.29,7.3,95.0,30.0,0,7.89,Low Risk
63.17,90.52,6.71,85.72,23.14,0,8.75,Low Risk
89.62,83.46,6.71,94.31,26.35,0,8.58,Low Risk
84.01,86.88,5.58,100.0,29.23,0,8.83,Low Risk
79.2,87.91,5.16,99.37,27.27,0,9.08,Low Risk
46.26,51.04,1.65,61.7,14.13,6,4.66,High Risk
73.98,74.9,6.62,63.33,11.52,0,7.61,Medium Risk
61.92,65.43,3.89,84.45,12.76,0,6.94,Medium Risk
43.64,58.5,2.72,46.47,8.6,2,5.32,High Risk
78.02,95.29,7.57,91.39,26.69,0,7.67,Low Risk
59.28,54.6,2.03,29.74,14.1,3,4.99,High Risk
77.15,68.02,5.81,89.69,24.39,1,8.8,Medium Risk
38.03,53.66,0.5,48.13,11.83,3,6.14,High Risk
76.45,72.72,3.81,62.08,19.81,0,7.76,Medium Risk
59.64,70.14,3.09,79.95,11.57,4,6.51,High Risk
82.43,78.27,9.09,91.54,27.51,0,8.7,Low Risk
78.61,95.91,6.38,86.13,21.18,0,9.04,Low Risk
75.12,82.56,10.13,100.0,29.81,0,7.66,Low Risk
77.71,87.27,6.32,100.0,28.58,0,7.77,Low Risk
60.75,53.08,2.96,40.13,14.27,1,4.93,High Risk
68.98,74.82,4.94,64.41,25.34,2,6.97,High Risk
80.35,78.93,7.77,97.36,24.33,0,8.04,Low Risk
64.99,70.51,6.99,90.22,26.57,0,8.67,Low Risk
60.04,80.45,2.88,99.49,20.62,2,6.62,High Risk
63.61,78.08,6.77,85.18,18.01,0,6.65,Low Risk
76.12,76.78,6.88,67.78,12.1,0,6.49,Medium Risk
79.9,84.51,6.3,88.88,28.31,0,8.04,Low Risk
78.65,86.53,9.06,86.55,30.0,0,9.38,Low Risk
92.97,94.91,9.47,90.0,22.56,0,8.89,Low Risk
58.17,68.89,3.24,76.29,17.11,1,7.21,Medium Risk
95.53,88.92,5.35,100.0,26.03,0,8.24,Low Risk
61.0,62.35,4.11,78.96,17.27,1,7.05,Medium Risk
84.64,100.0,8.02,84.72,25.05,0,7.7,Low Risk
58.68,73.4,5.31,67.69,21.66,1,7.0,Medium Risk
53.75,41.32,2.33,45.09,8.8,2,4.5,High Risk
93.6,89.48,6.76,75.11,27.86,0,8.14,Low Risk
92.99,85.28,8.92,85.04,27.22,0,8.49,Low Risk
78.28,79.71,7.11,99.46,25.92,0,8.41,Low Risk
46.65,49.38,2.36,32.66,17.78,2,5.85,High Risk
78.34,92.51,7.69,100.0,23.57,0,8.22,Low Risk
76.07,90.23,6.55,93.7,26.89,0,7.93,Low Risk
66.46,69.44,5.88,71.72,19.62,0,6.48,Medium Risk
63.38,87.78,3.93,57.02,21.84,0,6.75,Medium Risk
78.81,70.74,4.38,76.78,19.3,0,5.14,Medium Risk
73.85,74.75,3.83,57.96,20.84,1,7.94,Medium Risk
80.04,98.48,6.75,100.0,26.89,0,8.79,Low Risk
65.64,68.43,4.68,61.11,21.17,0,6.41,Medium Risk
73.24,69.17,7.17,78.58,25.52,0,6.68,Low Risk
88.18,82.76,4.75,78.0,30.0,0,8.12,Low Risk
42.74,53.81,3.56,48.13,14.22,3,4.95,High Risk
67.46,87.77,7.37,80.26,28.01,0,8.73,Low Risk
57.78,54.94,2.13,46.7,12.25,2,5.14,High Risk
84.04,89.83,7.15,79.26,24.74,0,8.68,Low Risk
59.68,69.03,4.68,67.69,22.83,0,8.41,Low Risk
74.69,68.75,4.17,85.07,19.1,0,6.64,Medium Risk
85.48,94.44,9.59,93.12,23.62,0,7.39,Low Risk
82.51,77.7,6.57,100.0,25.15,0,7.75,Low Risk
86.01,88.22,7.5,88.54,27.39,0,9.0,Low Risk
94.57,70.17,7.75,95.99,24.58,0,8.26,Low Risk
72.65,94.53,4.86,78.27,29.79,0,8.63,Low Risk
78.32,94.13,8.47,88.56,20.07,0,8.04,Low Risk
55.17,73.14,4.25,80.46,21.35,0,5.96,Medium Risk
68.74,83.94,6.68,100.0,25.43,0,7.64,Low Risk
92.66,89.1,8.99,99.34,25.78,0,7.11,Low Risk
45.07,51.67,1.05,46.23,12.03,0,4.66,High Risk
97.31,97.05,7.96,97.29,30.0,0,9.31,Low Risk
49.1,51.99,1.15,37.38,17.3,3,4.95,High Risk
70.78,88.16,9.3,84.31,27.01,0,8.55,Low Risk
46.28,61.19,2.4,47.46,9.39,5,5.32,High Risk
54.48,58.34,6.16,67.51,16.98,0,7.74,Medium Risk
76.14,67.48,3.78,62.03,19.75,1,7.83,Medium Risk
39.5,61.4,1.8,47.64,17.06,6,4.65,High Risk
70.74,69.49,2.91,65.77,23.5,0,7.45,Medium Risk
83.29,85.12,7.44,76.42,30.0,1,8.54,Medium Risk
46.3,55.28,2.38,51.12,9.53,2,4.91,High Risk
80.94,96.52,9.76,100.0,25.3,0,8.0,Low Risk
45.82,57.78,0.5,45.68,16.47,1,4.06,High Risk
70.42,82.79,6.53,100.0,24.54,0,8.54,Low Risk
64.94,66.95,2.51,62.23,17.73,1,6.47,High Risk
95.28,94.45,9.32,94.49,28.4,0,8.45,Low Risk
80.41,90.15,7.6,93.78,27.35,0,9.08,Low Risk
68.02,54.5,2.65,64.67,18.32,0,7.2,Medium Risk
86.29,94.21,7.28,97.08,30.0,0,7.78,Low Risk
70.09,93.36,9.17,84.73,25.55,0,8.59,Low Risk
90.05,85.06,4.63,97.94,23.59,0,9.36,Low Risk
52.52,80.91,7.38,66.3,19.44,0,6.12,Medium Risk
52.38,60.42,3.09,57.96,16.23,3,6.22,High Risk
37.19,66.53,4.33,55.8,8.71,2,4.62,High Risk
76.36,62.73,2.97,51.07,23.48,1,7.07,High Risk
71.74,89.7,7.21,94.72,26.53,0,9.07,Low Risk
65.92,64.49,4.16,72.89,19.35,0,7.12,Medium Risk
75.32,66.02,4.28,88.44,14.12,0,6.78,Medium Risk
51.96,75.19,5.03,52.82,21.31,0,7.01,Medium Risk
61.13,70.96,2.24,75.33,20.71,0,6.85,Medium Risk
45.47,49.89,0.5,53.52,15.46,1,5.68,High Risk
73.74,71.47,5.66,73.72,19.16,2,7.06,High Risk
65.87,67.33,1.89,75.83,19.27,0,6.5,Medium Risk
86.25,84.48,6.11,97.78,29.67,0,7.75,Low Risk
78.16,92.76,7.82,92.41,24.05,0,8.07,Low Risk
91.79,85.57,6.38,100.0,21.69,0,7.6,Low Risk
88.02,78.81,6.98,87.54,27.79,0,7.96,Low Risk
66.81,66.22,5.88,59.48,18.55,0,6.43,Medium Risk
53.57,69.16,3.92,61.37,17.09,2,6.71,High Risk
46.17,46.29,2.64,58.61,9.52,2,5.82,High Risk
68.88,74.05,3.75,92.77,18.32,0,6.79,Medium Risk
100.0,93.47,8.29,86.71,25.6,0,8.45,Low Risk
74.41,66.66,2.2,77.24,21.49,0,6.5,Medium Risk
77.58,88.24,5.78,100.0,24.29,0,9.62,Low Risk
94.61,92.17,6.52,95.43,25.59,0,8.35,Low Risk
71.56,67.82,3.5,62.82,22.06,0,5.88,Medium Risk
71.92,86.18,7.17,90.26,27.62,0,8.11,Low Risk
84.19,80.53,9.62,91.28,27.36,1,9.74,Medium Risk
81.53,89.23,8.51,89.69,24.9,0,9.32,Low Risk
86.61,97.89,6.95,80.32,30.0,0,8.74,Low Risk
82.06,85.39,4.66,87.91,22.88,0,9.48,Low Risk
77.46,95.74,6.59,82.88,28.1,0,7.65,Low Risk
67.36,79.5,3.18,69.89,18.28,0,6.54,Medium Risk
71.58,98.87,7.04,80.36,24.2,0,7.97,Low Risk
83.86,89.42,6.04,91.59,22.3,0,8.27,Low Risk
88.96,81.6,7.26,88.51,23.34,0,8.82,Low Risk
82.3,76.95,9.27,97.37,19.93,0,8.69,Low Risk
46.08,61.88,3.15,43.25,13.1,1,5.89,High Risk
66.55,66.97,2.27,64.45,18.92,0,6.12,Medium Risk
66.77,66.11,3.67,72.92,20.74,0,6.94,Medium Risk
69.87,69.34,4.11,69.34,19.22,0,5.92,Medium Risk
93.43,88.21,10.5,94.57,26.42,0,7.79,Low Risk
75.05,78.28,5.98,62.66,15.54,2,6.49,High Risk
70.24,70.81,6.91,81.93,16.08,0,6.56,Medium Risk
44.63,53.62,2.14,44.67,10.48,2,5.08,High Risk
75.51,86.15,7.43,96.26,25.36,0,8.18,Low Risk
52.74,52.66,0.5,49.27,14.23,2,5.18,High Risk
95.26,87.1,6.77,100.0,25.88,0,8.85,Low Risk
54.64,75.61,4.53,74.53,18.9,2,7.15,High Risk
74.5,86.35,6.97,82.67,29.94,1,8.2,Medium Risk
57.07,53.94,0.5,53.69,15.16,4,5.77,High Risk
59.16,73.48,1.53,59.99,16.1,1,6.05,High Risk
83.08,85.2,7.9,90.65,22.21,0,8.34,Low Risk
57.3,64.08,4.2,69.14,14.76,1,7.1,Medium Risk
38.1,53.92,1.42,58.47,16.11,1,5.13,High Risk
86.72,89.98,7.92,93.44,24.9,0,9.22,Low Risk
55.11,69.86,6.11,69.14,24.19,4,7.37,High Risk
93.32,100.0,5.63,74.27,28.13,0,9.23,Low Risk
58.19,62.62,5.65,70.3,17.85,1,6.68,Medium Risk
73.0,94.72,7.23,90.57,26.65,0,7.76,Low Risk
84.6,93.64,5.96,94.22,23.01,0,8.52,Low Risk
89.91,86.18,8.42,83.58,29.26,0,8.81,Low Risk
85.82,79.38,9.46,77.53,26.55,0,8.99,Low Risk
62.35,62.64,4.87,60.06,18.79,0,6.72,Medium Risk
86.02,71.41,5.72,97.48,28.14,0,8.9,Low Risk
70.15,78.99,7.32,89.86,19.24,0,6.86,Low Risk
88.37,87.9,7.51,88.07,25.67,0,8.22,Low Risk
62.76,66.77,2.1,69.03,22.34,1,7.04,Medium Risk
55.39,74.27,4.86,68.16,13.54,1,7.07,Medium Risk
73.02,86.9,7.55,94.0,24.56,0,9.01,Low Risk
88.04,77.37,8.44,80.84,21.49,0,9.22,Low Risk
65.73,78.99,3.19,72.48,20.7,3,7.32,High Risk
71.09,64.23,6.03,78.25,26.46,1,6.51,Medium Risk
92.89,93.4,10.4,92.63,24.08,0,8.11,Low Risk
78.73,96.19,8.19,88.73,23.39,0,8.04,Low Risk
56.9,78.36,2.43,53.7,17.25,2,7.61,High Risk
48.16,49.47,0.5,34.89,15.41,2,5.41,High Risk
86.13,89.5,6.9,96.84,26.14,0,9.4,Low Risk
43.57,44.81,2.72,47.64,11.62,3,5.41,High Risk
77.5,100.0,10.66,92.31,21.87,0,8.23,Low Risk
75.51,62.91,5.27,60.77,20.82,0,5.96,Medium Risk
69.46,74.55,2.56,66.08,20.87,0,6.56,Medium Risk
80.58,84.89,6.67,100.0,28.92,0,9.27,Low Risk
67.64,70.43,3.35,71.29,20.73,1,6.34,Medium Risk
87.49,89.39,8.11,100.0,22.79,0,6.94,Low Risk
79.91,75.9,0.99,63.7,18.37,0,6.64,Medium Risk
77.82,83.26,8.75,100.0,27.35,0,7.93,Low Risk
79.01,84.28,6.67,86.26,29.57,0,8.12,Low Risk
51.44,61.94,2.76,48.8,6.96,1,5.91,High Risk
62.73,86.85,1.16,71.42,19.1,3,5.56,High Risk
40.92,58.41,0.84,26.81,13.51,1,4.84,High Risk
75.0,68.32,2.8,63.48,16.31,0,6.72,Medium Risk
60.82,74.24,4.95,79.44,16.04,0,7.23,Medium Risk
67.44,78.86,5.92,73.08,15.11,0,6.68,Medium Risk
72.88,86.4,5.33,100.0,24.86,0,8.93,Low Risk
77.13,80.38,1.94,70.09,16.93,1,6.8,Medium Risk
65.86,79.11,8.11,71.74,19.18,0,6.57,Low Risk
