transaction_id,skills
1,"Data Visualization, PostgreSQL, Python"
2,"AWS, Business Analytics, Data Visualization, Python, SQL"
3,"Backend Development, Docker, Java, SQL, Scikit-Learn, Spring Boot"
4,"AWS, CSS, Frontend Development, React"
5,"Full Stack Development, JavaScript, MongoDB"
6,"Express, Full Stack Development, JavaScript, MongoDB, Node.js"
7,"DevOps, Docker, Git, Kubernetes, Linux"
8,"Data Visualization, Machine Learning, Python, SQL"
9,"Cloud, DevOps, Docker, FastAPI, Kubernetes, Linux"
10,"Business Analytics, Data Visualization, Python, SQL"
11,"CSS, Frontend Development, Git, HTML, JavaScript, React"
12,"Express, JavaScript, MongoDB, Node.js, Pandas"
13,"Cloud, DevOps, Docker, Kubernetes, Linux, Python"
14,"Cloud, DevOps, Docker, Kubernetes, Linux, Python"
15,"Data Visualization, SQL"
16,"Business Analytics, Data Visualization, SQL"
17,"Computer Vision, FastAPI, NLP, Python"
18,"DevOps, Docker, Kubernetes, Python"
19,"Deep Learning, NLP, Python"
20,"Deep Learning, FastAPI, Machine Learning, PyTorch, Python, TensorFlow"
21,"CSS, HTML, JavaScript"
22,"Business Analytics, Data Visualization, Python, SQL"
23,"Computer Vision, NLP, Python"
24,"Backend Development, Docker, Java, SQL, Spring Boot"
25,"C++, Data Structures, Scikit-Learn, Software Development"
26,"AI Engineer, Deep Learning, PostgreSQL, Python"
27,"Python, SQL"
28,"Business Analytics, Data Visualization, Python, SQL"
29,"Data Analyst, Excel, PostgreSQL, PowerBI, SQL, Tableau"
30,"DevOps, Docker, Kubernetes, Linux, Python"
31,"Business Analytics, Data Visualization, Git"
32,"Docker, Java, Spring Boot"
33,"CSS, Frontend Development, HTML, React, Scikit-Learn"
34,"Machine Learning, Python"
35,"C++, Problem Solving, Software Development"
36,"Cloud, DevOps, Docker, FastAPI, Kubernetes, Linux"
37,"Backend Development, Git, Java, SQL"
38,"Data Analyst, PowerBI, SQL, Tableau"
39,"Business Analytics, Data Visualization, Python, SQL, Scikit-Learn"
40,"Backend Development, Docker, Java, SQL, Spring Boot"
41,"AWS, Data Analyst, Excel, PowerBI, SQL, Tableau"
42,"CSS, HTML, JavaScript, React"
43,"FastAPI, PowerBI, SQL, Tableau"
44,"Data Visualization, SQL, Scikit-Learn"
45,"CSS, Frontend Development, HTML, JavaScript, React"
46,"Deep Learning, PyTorch, Python, Scikit-Learn, TensorFlow"
47,"Backend Development, Docker, Git, Java, SQL, Spring Boot"
48,"AWS, Business Analytics, Data Visualization, Python, SQL"
49,"Frontend Development, Git, JavaScript, React"
50,"Deep Learning, FastAPI, Machine Learning, PyTorch, Python, TensorFlow"
51,"Express, Full Stack Development, Git, Node.js"
52,"Express, Full Stack Development, JavaScript, MongoDB, Node.js"
53,"Data Visualization, Machine Learning"
54,"Backend Development, Docker, Java, Spring Boot"
55,"Docker, SQL, Spring Boot"
56,"Docker, Git, Java, Spring Boot"
57,"CSS, Frontend Development, JavaScript, React"
58,"Business Analytics, Data Visualization, SQL, Scikit-Learn"
59,"DevOps, Docker, Kubernetes, Linux, Python"
60,"Data Analyst, PowerBI, SQL"
61,"AI Engineer, Computer Vision, Deep Learning, NLP, Python"
62,"Business Analytics, Data Visualization, PostgreSQL, Python, SQL"
63,"CSS, Frontend Development, HTML, JavaScript, React"
64,"CSS, Frontend Development, HTML, JavaScript, Scikit-Learn"
65,"Data Analyst, Excel, PowerBI, SQL, Tableau"
66,"Deep Learning, Machine Learning, PyTorch, Python, TensorFlow"
67,"Backend Development, Docker, Java, Pandas, SQL, Spring Boot"
68,"Data Analyst, Excel, PowerBI"
69,"Cloud, Docker, Kubernetes, Linux, Python"
70,"AWS, Business Analytics, Python, SQL"
71,"Business Analytics, Data Visualization, SQL"
72,"Algorithms, C++, Data Structures, Problem Solving, Software Development"
73,"Algorithms, Data Structures, Problem Solving, Software Development"
74,"AI Engineer, Deep Learning, NLP, Python"
75,"AWS, Backend Development, Docker, Java, SQL"
76,"Cloud, DevOps, Docker, Kubernetes, Linux, Python"
77,"Cloud, Docker, Kubernetes, Linux"
78,"Data Visualization, Machine Learning, Pandas, Python, SQL"
79,"Cloud, DevOps, Docker, Kubernetes, Linux, Python"
80,"Data Visualization, Machine Learning, SQL"
81,"C++, Data Structures, Software Development"
82,"Python, SQL"
83,"Deep Learning, FastAPI, Machine Learning, TensorFlow"
84,"Express, JavaScript, MongoDB, Node.js"
85,"AI Engineer, Deep Learning, NLP, PostgreSQL"
86,"Machine Learning, Python"
87,"Data Analyst, Excel, Tableau"
88,"Excel, PowerBI, Scikit-Learn, Tableau"
89,"Data Visualization, Python"
90,"CSS, Frontend Development, HTML, JavaScript, React"
91,"Backend Development, Java, SQL"
92,"Express, Full Stack Development, JavaScript, MongoDB, Node.js"
93,"Algorithms, Problem Solving, Software Development"
94,"Algorithms, C++, Data Structures, Problem Solving, Software Development"
95,"Excel, PowerBI, SQL, Tableau"
96,"Backend Development, Docker, Java, Spring Boot"
97,"Full Stack Development, MongoDB, Node.js"
98,"Express, Full Stack Development, JavaScript, MongoDB"
99,"Backend Development, Docker, Spring Boot"
100,"Backend Development, Docker, Java, Pandas, SQL, Spring Boot"
101,"Backend Development, Docker, SQL, Spring Boot"
102,"AI Engineer, Computer Vision, Deep Learning, Git, NLP"
103,"Backend Development, Java, SQL, Spring Boot"
104,"AWS, CSS, Frontend Development, HTML, JavaScript, React"
105,"CSS, Frontend Development, Git, React"
106,"Computer Vision, Deep Learning, NLP, Python"
107,"Algorithms, C++, Pandas, Problem Solving, Software Development"
108,"Business Analytics, PostgreSQL, SQL"
109,"Data Visualization, Machine Learning"
110,"Data Visualization, Python"
111,"Data Analyst, Excel, PowerBI, SQL, Tableau"
112,"CSS, Frontend Development, HTML, JavaScript, React"
113,"Backend Development, Docker, Java, SQL, Scikit-Learn, Spring Boot"
114,"Python, SQL"
115,"Excel, PowerBI, SQL, Tableau"
116,"Algorithms, Data Structures, Problem Solving"
117,"Backend Development, Java, SQL, Spring Boot"
118,"Machine Learning, Python, TensorFlow"
119,"Excel, PowerBI, SQL, Tableau"
120,"CSS, Frontend Development, HTML, JavaScript, React"
121,"Express, Full Stack Development, JavaScript, MongoDB, Node.js"
122,"CSS, Frontend Development, HTML, JavaScript, React, Scikit-Learn"
123,"Cloud, DevOps, Docker, Git, Kubernetes, Linux, Python"
124,"Deep Learning, Machine Learning, PyTorch, TensorFlow"
125,"Computer Vision, Deep Learning, Git, Python"
126,"Cloud, DevOps, Docker, Kubernetes, Linux, Python"
127,"Data Analyst, Excel, SQL, Tableau"
128,"Frontend Development, HTML, JavaScript, React"
129,"CSS, Frontend Development, HTML, JavaScript, React"
130,"Business Analytics, Data Visualization, Python, SQL"
131,"Algorithms, C++, Data Structures, Problem Solving"
132,"Data Analyst, Excel, PowerBI, SQL, Tableau"
133,"Computer Vision, Deep Learning, NLP, Python"
134,"Data Analyst, Excel, PowerBI, SQL, Scikit-Learn, Tableau"
135,"Cloud, DevOps, Docker, Kubernetes, Linux, Pandas"
136,"Data Visualization, Machine Learning, SQL"
137,"Deep Learning, Machine Learning, Python, TensorFlow"
138,"C++, Problem Solving, Software Development"
139,"Cloud, DevOps, Docker, Kubernetes, Linux, Python"
140,"Express, Full Stack Development, JavaScript, MongoDB, Node.js"
141,"Backend Development, Docker, Java, SQL, Spring Boot"
142,"Business Analytics, Data Visualization, SQL"
143,"Data Visualization, Machine Learning, Python"
144,"Deep Learning, PyTorch, TensorFlow"
145,"Deep Learning, Machine Learning, Python"
146,"Data Analyst, Excel, PowerBI, SQL, Tableau"
147,"CSS, Frontend Development, HTML, JavaScript"
148,"Deep Learning, Pandas, PyTorch, TensorFlow"
149,"CSS, Frontend Development, JavaScript, Pandas, React"
150,"Data Analyst, Excel, PostgreSQL, PowerBI, Tableau"
151,"Cloud, DevOps, Docker, Linux, Python"
152,"Frontend Development, HTML, JavaScript"
153,"Excel, Pandas, PowerBI, SQL, Tableau"
154,"Data Visualization, Machine Learning, Python, SQL"
155,"Express, Full Stack Development, JavaScript, MongoDB, Node.js"
156,"CSS, JavaScript, React"
157,"Full Stack Development, JavaScript, MongoDB"
158,"Backend Development, Docker, Git, Java, SQL, Spring Boot"
159,"AWS, Algorithms, Data Structures, Problem Solving, Software Development"
160,"Algorithms, Git, Problem Solving, Software Development"
161,"Algorithms, C++, Data Structures, Problem Solving, Software Development"
162,"Frontend Development, HTML, JavaScript, React"
163,"Express, Full Stack Development, JavaScript, MongoDB, Node.js"
164,"Algorithms, C++, Data Structures, Problem Solving, Software Development"
165,"Docker, FastAPI, Java, SQL, Spring Boot"
166,"Docker, Java, PostgreSQL, SQL"
167,"Data Analyst, PowerBI, SQL"
168,"AWS, PowerBI, SQL, Tableau"
169,"Full Stack Development, JavaScript, Node.js"
170,"Deep Learning, Git, PyTorch, Python"
171,"AWS, Deep Learning, Machine Learning, PyTorch"
172,"CSS, Git, JavaScript, React"
173,"Algorithms, C++, Data Structures, Problem Solving"
174,"Data Visualization, Machine Learning, Python, SQL"
175,"Cloud, DevOps, Docker, Git, Kubernetes, Python"
176,"Express, Full Stack Development, JavaScript, MongoDB, Node.js"
177,"Data Analyst, Excel, PowerBI, SQL, Tableau"
178,"Business Analytics, Data Visualization, Python, SQL"
179,"Algorithms, C++, Data Structures, FastAPI, Problem Solving"
180,"Full Stack Development, JavaScript, MongoDB"
181,"Data Visualization, Python, SQL"
182,"AI Engineer, Computer Vision, FastAPI, NLP"
183,"Cloud, DevOps, Docker, Kubernetes, Linux, Pandas, Python"
184,"Backend Development, Java, SQL"
185,"Excel, PowerBI, SQL"
186,"CSS, JavaScript, React"
187,"Full Stack Development, JavaScript, MongoDB, Node.js, PostgreSQL"
188,"Machine Learning, SQL"
189,"Express, Full Stack Development, MongoDB, Scikit-Learn"
190,"Data Analyst, SQL, Tableau"
191,"Data Visualization, Machine Learning, Python, SQL"
192,"Algorithms, C++, Data Structures, Git, Software Development"
193,"CSS, Frontend Development, HTML, JavaScript, React, Scikit-Learn"
194,"Machine Learning, SQL"
195,"Deep Learning, PyTorch, Python, TensorFlow"
196,"Cloud, DevOps, Docker, Kubernetes"
197,"Git, JavaScript, MongoDB, Node.js"
198,"Express, Full Stack Development, Git, JavaScript, MongoDB, Node.js"
199,"Express, Full Stack Development, MongoDB"
200,"Business Analytics, Python, SQL"
201,"AI Engineer, Computer Vision, FastAPI, NLP"
202,"Deep Learning, PyTorch, Python"
203,"AWS, Express, Full Stack Development, JavaScript, Node.js"
204,"PowerBI, SQL, Tableau"
205,"Data Analyst, Excel, PowerBI, SQL, Tableau"
206,"Algorithms, C++, Problem Solving, Software Development"
207,"Business Analytics, FastAPI, Python, SQL"
208,"Business Analytics, Data Visualization, Python, SQL"
209,"Data Visualization, Machine Learning, SQL"
210,"Machine Learning, Python, SQL"
211,"Machine Learning, PyTorch, TensorFlow"
212,"Data Analyst, PowerBI, Tableau"
213,"Express, Full Stack Development, JavaScript, MongoDB, Node.js, Scikit-Learn"
214,"Cloud, Docker, Kubernetes, Linux, Python"
215,"Deep Learning, Pandas, PyTorch, Python, TensorFlow"
216,"Express, Full Stack Development, JavaScript"
217,"AI Engineer, Deep Learning, NLP, Python"
218,"Express, Full Stack Development, Git, JavaScript, Node.js"
219,"AI Engineer, Computer Vision, Deep Learning, NLP, Python"
220,"Deep Learning, Machine Learning, PyTorch"
221,"Cloud, DevOps, Docker, Kubernetes, Linux"
222,"Data Structures, Problem Solving, Software Development"
223,"Algorithms, Data Structures, Problem Solving"
224,"Cloud, DevOps, Docker, Kubernetes, Linux, Pandas, Python"
225,"Express, Full Stack Development, JavaScript, MongoDB, Node.js, Scikit-Learn"
226,"Deep Learning, Machine Learning, Python, TensorFlow"
227,"Docker, Kubernetes, Linux, Python"
228,"Business Analytics, Python, SQL"
229,"Full Stack Development, JavaScript, Node.js"
230,"AWS, Algorithms, C++, Data Structures, Problem Solving, Software Development"
231,"Deep Learning, Git, Machine Learning, PyTorch, Python, TensorFlow"
232,"Backend Development, Docker, Java, SQL"
233,"Algorithms, C++, Data Structures, Git, Problem Solving, Software Development"
234,"Excel, PowerBI, SQL, Tableau"
235,"Full Stack Development, JavaScript, Node.js"
236,"Data Visualization, Machine Learning, Python, SQL"
237,"Data Visualization, Python, SQL"
238,"Express, JavaScript, MongoDB, PostgreSQL"
239,"Deep Learning, Machine Learning, Pandas, PyTorch, Python, TensorFlow"
240,"Data Visualization, Machine Learning, Python"
241,"Express, Full Stack Development, MongoDB, Node.js, PostgreSQL"
242,"Backend Development, FastAPI, Java, SQL, Spring Boot"
243,"Cloud, DevOps, Kubernetes, Linux, Python"
244,"Algorithms, C++, Data Structures, Scikit-Learn, Software Development"
245,"Deep Learning, Machine Learning, PyTorch, Python, TensorFlow"
246,"CSS, Frontend Development, HTML, React"
247,"Data Visualization, Machine Learning, Python, SQL"
248,"Machine Learning, SQL"
249,"AWS, Machine Learning, Python, TensorFlow"
250,"Express, Full Stack Development, JavaScript, MongoDB"
251,"Express, Full Stack Development, JavaScript, MongoDB"
252,"Cloud, DevOps, Docker, Linux, Python"
253,"Algorithms, C++, Data Structures, Problem Solving, Scikit-Learn, Software Development"
254,"CSS, Frontend Development, HTML, JavaScript, React"
255,"Algorithms, Problem Solving, Scikit-Learn, Software Development"
256,"AWS, CSS, Frontend Development, HTML, React"
257,"Machine Learning, Python, TensorFlow"
258,"Express, Full Stack Development, JavaScript, Node.js, Pandas"
259,"Algorithms, C++, Data Structures, Problem Solving, Software Development"
260,"Business Analytics, Data Visualization, SQL, Scikit-Learn"
261,"Excel, PowerBI, Tableau"
262,"FastAPI, Machine Learning, SQL"
263,"Backend Development, Java, SQL, Scikit-Learn, Spring Boot"
264,"Frontend Development, HTML, JavaScript"
265,"Data Analyst, Excel, PowerBI, SQL, Tableau"
266,"Data Visualization, Python"
267,"CSS, Frontend Development, HTML, JavaScript, React"
268,"Computer Vision, Deep Learning, Git, NLP, Python"
269,"Machine Learning, SQL"
270,"Backend Development, Docker, SQL, Spring Boot"
271,"Express, JavaScript, MongoDB, Node.js, Pandas"
272,"Business Analytics, Data Visualization, FastAPI, Python"
273,"Cloud, DevOps, Docker, Kubernetes, Linux, Python"
274,"Algorithms, C++, Data Structures, Pandas, Problem Solving, Software Development"
275,"AI Engineer, Computer Vision, Deep Learning, FastAPI, NLP"
276,"Algorithms, C++, Data Structures, Problem Solving, Software Development"
277,"CSS, Frontend Development, HTML, JavaScript, React, Scikit-Learn"
278,"Backend Development, Java, SQL, Spring Boot"
279,"AI Engineer, Computer Vision, NLP, Python"
280,"AWS, Express, Full Stack Development, JavaScript, MongoDB, Node.js"
281,"Express, Full Stack Development, JavaScript, MongoDB, Scikit-Learn"
282,"Express, Full Stack Development, MongoDB, Scikit-Learn"
283,"AI Engineer, Deep Learning, NLP, Python"
284,"Business Analytics, Data Visualization, Python"
285,"CSS, Frontend Development, HTML, JavaScript, PostgreSQL, React"
286,"Data Analyst, Pandas, PowerBI, SQL, Tableau"
287,"Express, JavaScript, MongoDB, Node.js"
288,"Data Analyst, PowerBI, SQL, Tableau"
289,"Algorithms, C++, Data Structures, Problem Solving, Software Development"
290,"CSS, FastAPI, Frontend Development, HTML, JavaScript, React"
291,"CSS, Frontend Development, HTML, JavaScript, React"
292,"CSS, HTML, JavaScript, React"
293,"Deep Learning, Pandas, PyTorch, Python, TensorFlow"
294,"CSS, Frontend Development, HTML, JavaScript, React, Scikit-Learn"
295,"PowerBI, SQL, Tableau"
296,"Backend Development, Docker, Java, SQL, Spring Boot"
297,"Business Analytics, Data Visualization, Python, SQL"
298,"Algorithms, Data Structures, Problem Solving, Software Development"
299,"Business Analytics, Data Visualization, Python, SQL"
300,"PyTorch, Python, TensorFlow"
301,"HTML, JavaScript, React"
302,"Full Stack Development, Git, JavaScript, MongoDB, Node.js"
303,"Express, Full Stack Development, MongoDB, PostgreSQL"
304,"Full Stack Development, JavaScript, MongoDB, Node.js"
305,"AI Engineer, AWS, Computer Vision, NLP, Python"
306,"Algorithms, C++, Data Structures, FastAPI, Software Development"
307,"Express, Full Stack Development, JavaScript, Node.js"
308,"Data Visualization, Machine Learning, Python, SQL"
309,"AI Engineer, Computer Vision, Deep Learning, NLP, Python"
310,"Backend Development, Docker, Spring Boot"
311,"Data Analyst, Excel, PowerBI, SQL"
312,"Data Analyst, Excel, PowerBI"
313,"Business Analytics, Data Visualization, Python, SQL, Scikit-Learn"
314,"C++, Data Structures, Problem Solving"
315,"Algorithms, Data Structures, Problem Solving"
316,"Data Analyst, Excel, PowerBI"
317,"Data Visualization, Python, SQL"
318,"Data Visualization, Python, SQL"
319,"AWS, Python, SQL"
320,"Deep Learning, Machine Learning, PyTorch, Python, TensorFlow"
321,"Computer Vision, NLP, Python"
322,"Cloud, DevOps, Docker, Kubernetes, Linux, Python"
323,"AI Engineer, Computer Vision, NLP, Python"
324,"Machine Learning, PyTorch, Python, TensorFlow"
325,"Git, Machine Learning, Python"
326,"Algorithms, C++, Data Structures, Problem Solving, Software Development"
327,"Deep Learning, NLP, Python"
328,"AWS, Backend Development, Docker, Java, SQL, Spring Boot"
329,"Computer Vision, Deep Learning, NLP, Scikit-Learn"
330,"Deep Learning, Machine Learning, PyTorch, Python, TensorFlow"
331,"Express, Full Stack Development, JavaScript, MongoDB, Node.js, Scikit-Learn"
332,"Algorithms, Data Structures, Pandas, Problem Solving"
333,"AWS, Data Visualization, Machine Learning, Python, SQL"
334,"Express, Full Stack Development, JavaScript, MongoDB, Node.js, Pandas"
335,"Data Analyst, Excel, FastAPI, PowerBI, SQL, Tableau"
336,"CSS, Frontend Development, JavaScript, Pandas"
337,"Backend Development, Docker, Java, SQL, Spring Boot"
338,"Cloud, DevOps, Docker, Kubernetes, Linux"
339,"C++, Data Structures, Problem Solving, Software Development"
340,"Cloud, DevOps, Linux, Python, Scikit-Learn"
341,"Data Analyst, Excel, PowerBI, SQL, Scikit-Learn, Tableau"
342,"Backend Development, Docker, SQL, Spring Boot"
343,"Algorithms, C++, Data Structures, Problem Solving"
344,"Algorithms, C++, Git, Software Development"
345,"Python, SQL"
346,"Docker, Java, Spring Boot"
347,"Express, Full Stack Development, MongoDB"
348,"Data Visualization, Machine Learning, Python, SQL"
349,"Frontend Development, Git, HTML, React"
350,"AI Engineer, Deep Learning, NLP"
351,"Express, JavaScript, MongoDB, Node.js"
352,"Backend Development, Docker, Java, Pandas, SQL, Spring Boot"
353,"Cloud, DevOps, Docker, Kubernetes, Linux, Python"
354,"Cloud, DevOps, Docker, Kubernetes, Linux, PostgreSQL, Python"
355,"Excel, PowerBI, SQL, Tableau"
356,"Data Analyst, Excel, PowerBI, SQL, Tableau"
357,"Cloud, DevOps, Docker, Linux"
358,"Cloud, DevOps, Docker, Kubernetes, Linux, Python"
359,"Full Stack Development, JavaScript, MongoDB"
360,"Express, Full Stack Development, JavaScript, MongoDB, Node.js"
361,"Algorithms, Data Structures, Problem Solving, Software Development"
362,"Data Analyst, Excel, PowerBI, SQL, Tableau"
363,"Business Analytics, Python, SQL"
364,"Full Stack Development, JavaScript, MongoDB, Node.js"
365,"CSS, HTML, React"
366,"AI Engineer, Computer Vision, Deep Learning, NLP, Python"
367,"Business Analytics, Data Visualization, Python, SQL"
368,"Business Analytics, Data Visualization, FastAPI, Python, SQL"
369,"CSS, HTML, JavaScript, React"
370,"Cloud, Docker, Kubernetes, Linux, Python"
371,"Algorithms, C++, Data Structures, Pandas, Problem Solving, Software Development"
372,"Express, Full Stack Development, JavaScript, MongoDB, Node.js"
373,"Data Analyst, Excel, PowerBI"
374,"Backend Development, Docker, PostgreSQL, SQL, Spring Boot"
375,"Algorithms, C++, Data Structures, Problem Solving, Software Development"
376,"Data Analyst, PowerBI, Tableau"
377,"Data Visualization, Machine Learning, Python, SQL"
378,"Business Analytics, PostgreSQL, Python, SQL"
379,"Deep Learning, Machine Learning, PyTorch, Python, TensorFlow"
380,"AI Engineer, Computer Vision, Deep Learning, NLP, Python"
381,"Express, Full Stack Development, JavaScript"
382,"Cloud, DevOps, Kubernetes, Linux, PostgreSQL, Python"
383,"AI Engineer, Computer Vision, Deep Learning, NLP, Python"
384,"Data Analyst, Excel, Pandas, PowerBI, SQL, Tableau"
385,"Business Analytics, Pandas, SQL"
386,"Backend Development, Docker, Java, SQL, Spring Boot"
387,"Algorithms, C++, FastAPI, Problem Solving, Software Development"
388,"Business Analytics, Data Visualization, Python, SQL"
389,"Express, Full Stack Development, JavaScript, MongoDB, Node.js, PostgreSQL"
390,"Cloud, Docker, Kubernetes, Linux, Python"
391,"Backend Development, Java, SQL, Scikit-Learn"
392,"Deep Learning, Machine Learning, Pandas, Python, TensorFlow"
393,"AI Engineer, Computer Vision, Deep Learning, NLP, Pandas, Python"
394,"Data Analyst, Git, PowerBI, SQL"
395,"Backend Development, Docker, Java, Spring Boot"
396,"Cloud, DevOps, Docker, Kubernetes, Linux, Python"
397,"Deep Learning, Machine Learning, Pandas, PyTorch, Python, TensorFlow"
398,"Pandas, PowerBI, SQL, Tableau"
399,"AI Engineer, Computer Vision, Deep Learning, NLP, Python"
400,"Algorithms, C++, Data Structures, Problem Solving"
401,"Backend Development, Java, Pandas, SQL, Spring Boot"
402,"Data Analyst, Excel, PowerBI, SQL, Tableau"
403,"Express, Full Stack Development, JavaScript, MongoDB, Node.js, PostgreSQL"
404,"Docker, Java, SQL, Spring Boot"
405,"Business Analytics, Data Visualization, Python"
406,"Data Analyst, Excel, PowerBI, SQL, Tableau"
407,"Data Visualization, Machine Learning, PostgreSQL, Python, SQL"
408,"Frontend Development, HTML, JavaScript, Pandas, React"
409,"Data Visualization, Machine Learning, PostgreSQL, Python"
410,"Full Stack Development, JavaScript, MongoDB"
411,"CSS, Frontend Development, HTML, JavaScript, React"
412,"CSS, Frontend Development, HTML, JavaScript, React"
413,"Business Analytics, Data Visualization, Python, SQL"
414,"Cloud, DevOps, FastAPI, Kubernetes, Linux"
415,"Express, Full Stack Development, JavaScript, MongoDB, Node.js"
416,"Data Visualization, Python"
417,"C++, Data Structures, Problem Solving"
418,"Cloud, DevOps, Docker, Python"
419,"Frontend Development, HTML, JavaScript"
420,"Deep Learning, PyTorch, TensorFlow"
421,"Backend Development, Docker, Java, SQL"
422,"Deep Learning, Machine Learning, PyTorch, Python, TensorFlow"
423,"Cloud, DevOps, Docker, Kubernetes, Linux, Python"
424,"Data Visualization, SQL"
425,"Deep Learning, Machine Learning, PyTorch, Python"
426,"Deep Learning, Machine Learning, PyTorch, Python"
427,"Data Analyst, Excel, PowerBI, SQL, Tableau"
428,"Data Analyst, Excel, PostgreSQL, PowerBI, SQL, Tableau"
429,"Business Analytics, Data Visualization, PostgreSQL"
430,"CSS, Frontend Development, JavaScript"
431,"Machine Learning, Pandas, SQL"
432,"Data Analyst, SQL, Tableau"
433,"Machine Learning, PyTorch, Python, TensorFlow"
434,"Business Analytics, Git, Python"
435,"Data Visualization, Machine Learning, SQL"
436,"Cloud, DevOps, Git, Kubernetes, Linux"
437,"AI Engineer, Deep Learning, NLP"
438,"Business Analytics, Data Visualization, Git, Python"
439,"Cloud, Kubernetes, Linux, Python"
440,"Deep Learning, Machine Learning, Pandas, Python"
441,"Express, Full Stack Development, JavaScript, MongoDB, Node.js"
442,"CSS, Frontend Development, HTML, JavaScript, React"
443,"CSS, Frontend Development, HTML, JavaScript, React, Scikit-Learn"
444,"Deep Learning, Machine Learning, Python, Scikit-Learn, TensorFlow"
445,"FastAPI, Python, SQL"
446,"Cloud, Kubernetes, Linux, Pandas, Python"
447,"Express, Full Stack Development, JavaScript, MongoDB, Scikit-Learn"
448,"Data Visualization, Machine Learning, Python"
449,"CSS, Frontend Development, HTML, React, Scikit-Learn"
450,"CSS, Frontend Development, HTML, JavaScript, React"
451,"Backend Development, Docker, Java, SQL, Scikit-Learn, Spring Boot"
452,"Express, Full Stack Development, JavaScript, MongoDB, Node.js, Scikit-Learn"
453,"AWS, Backend Development, Docker, Java, Spring Boot"
454,"AI Engineer, Computer Vision, NLP, Python"
455,"Computer Vision, NLP, Python"
456,"Cloud, DevOps, Docker, Kubernetes, Linux, Python"
457,"Express, Full Stack Development, JavaScript, MongoDB"
458,"Deep Learning, Machine Learning, PyTorch, Python, TensorFlow"
459,"Cloud, Docker, FastAPI, Kubernetes, Linux"
460,"Data Visualization, PostgreSQL, SQL"
461,"AWS, PowerBI, SQL, Tableau"
462,"AWS, Express, Full Stack Development, JavaScript, Node.js"
463,"Data Visualization, Git, Python, SQL"
464,"Pandas, PyTorch, Python, TensorFlow"
465,"Express, Full Stack Development, JavaScript, MongoDB, Node.js, PostgreSQL"
466,"Algorithms, C++, Pandas, Software Development"
467,"Data Visualization, SQL"
468,"AWS, Machine Learning, Python, SQL"
469,"CSS, HTML, JavaScript, React"
470,"AWS, Algorithms, C++, Problem Solving, Software Development"
471,"Cloud, DevOps, Docker, Linux"
472,"Computer Vision, Deep Learning, NLP"
473,"Algorithms, Data Structures, FastAPI, Problem Solving, Software Development"
474,"Data Analyst, PowerBI, SQL"
475,"Algorithms, C++, Data Structures, Problem Solving, Software Development"
476,"CSS, Frontend Development, HTML, JavaScript, React"
477,"Deep Learning, Machine Learning, TensorFlow"
478,"Data Analyst, PowerBI, Tableau"
479,"Algorithms, C++, Data Structures, Problem Solving, Scikit-Learn, Software Development"
480,"Backend Development, Docker, Java, Scikit-Learn"
481,"AWS, Docker, SQL, Spring Boot"
482,"Data Analyst, Excel, PowerBI, SQL, Tableau"
483,"Cloud, DevOps, Docker, Kubernetes, Linux, Python"
484,"Cloud, DevOps, Docker, Kubernetes, Linux, Python"
485,"Deep Learning, PyTorch, Python, TensorFlow"
486,"Data Analyst, Excel, SQL, Tableau"
487,"Data Analyst, PostgreSQL, SQL, Tableau"
488,"Data Visualization, Git, SQL"
489,"Express, Full Stack Development, JavaScript, MongoDB"
490,"Full Stack Development, JavaScript, MongoDB, Node.js"
491,"Cloud, DevOps, Kubernetes, Linux"
492,"Business Analytics, Git, Python, SQL"
493,"AWS, Frontend Development, HTML, JavaScript"
494,"Cloud, DevOps, Linux, Python"
495,"Data Analyst, Excel, PowerBI, SQL"
496,"DevOps, Docker, Linux, Python"
497,"Cloud, DevOps, Docker, Git, Kubernetes, Linux, Python"
498,"Cloud, DevOps, Docker, Kubernetes, Linux, Python"
499,"CSS, Frontend Development, HTML, JavaScript, PostgreSQL, React"
500,"CSS, HTML, React"
501,"Algorithms, C++, Data Structures, Pandas, Software Development"
502,"JavaScript, MongoDB, Node.js"
503,"HTML, JavaScript, React"
504,"Business Analytics, Data Visualization"
505,"Data Analyst, SQL, Tableau"
506,"Cloud, DevOps, Docker, Kubernetes, Linux, Python"
507,"Data Visualization, Machine Learning, Python, SQL"
508,"Machine Learning, PyTorch, Python"
509,"Cloud, DevOps, Docker, Linux"
510,"Business Analytics, Data Visualization"
511,"AWS, Full Stack Development, JavaScript, MongoDB, Node.js"
512,"Deep Learning, Machine Learning, PyTorch, Python, TensorFlow"
513,"Express, Full Stack Development, MongoDB, Node.js"
514,"Algorithms, Data Structures, Scikit-Learn, Software Development"
515,"Cloud, Docker, Kubernetes, Python"
516,"CSS, HTML, JavaScript, Pandas, React"
517,"Business Analytics, SQL"
518,"AWS, Algorithms, C++, Problem Solving, Software Development"
519,"Cloud, DevOps, Docker, Kubernetes, Linux, Python, Scikit-Learn"
520,"AWS, DevOps, Kubernetes, Linux, Python"
521,"FastAPI, Machine Learning, Python"
522,"Backend Development, Docker, SQL, Spring Boot"
523,"Business Analytics, Data Visualization, Python, SQL"
524,"Deep Learning, Machine Learning, PyTorch, Python"
525,"CSS, Frontend Development, HTML, JavaScript, React, Scikit-Learn"
526,"Backend Development, Docker, Spring Boot"
527,"AI Engineer, Computer Vision, Python"
528,"Excel, PowerBI, Tableau"
529,"CSS, Frontend Development, HTML, JavaScript, Pandas, React"
530,"CSS, Frontend Development, HTML, JavaScript, React"
531,"Express, FastAPI, Full Stack Development, JavaScript, MongoDB, Node.js"
532,"Express, Full Stack Development, JavaScript, MongoDB"
533,"AWS, Backend Development, Docker, SQL"
534,"Data Visualization, Machine Learning, Python, SQL"
535,"Data Visualization, Machine Learning, Python, SQL"
536,"AWS, Express, Full Stack Development, JavaScript, MongoDB, Node.js"
537,"AWS, CSS, Frontend Development, HTML, JavaScript, React"
538,"CSS, Frontend Development, JavaScript, React"
539,"Business Analytics, Data Visualization, Python"
540,"AWS, Backend Development, Docker, Java, SQL, Spring Boot"
541,"Deep Learning, PyTorch, TensorFlow"
542,"Algorithms, C++, Data Structures"
543,"AWS, Deep Learning, Machine Learning, PyTorch, Python"
544,"Data Analyst, Excel, SQL"
545,"DevOps, Docker, Kubernetes, Linux, Python"
546,"Express, JavaScript, Node.js"
547,"Backend Development, Java, SQL, Scikit-Learn"
548,"Data Analyst, Excel, SQL, Tableau"
549,"Algorithms, C++, Data Structures, Problem Solving, Software Development"
550,"C++, Data Structures, PostgreSQL, Problem Solving, Software Development"
551,"Machine Learning, PyTorch, Python"
552,"Data Visualization, Python, SQL"
553,"Data Visualization, Machine Learning, Python, SQL"
554,"Cloud, Docker, Kubernetes, Linux, PostgreSQL, Python"
555,"Data Visualization, Python, SQL"
556,"CSS, Frontend Development, Git, HTML, JavaScript, React"
557,"Data Structures, Problem Solving, Software Development"
558,"Backend Development, Docker, Java, SQL"
559,"Backend Development, Docker, Java, SQL, Spring Boot"
560,"Business Analytics, Data Visualization, Python, SQL"
561,"Business Analytics, Data Visualization, Git, SQL"
562,"Python, SQL"
563,"Express, Full Stack Development, JavaScript, MongoDB"
564,"Deep Learning, Machine Learning, PyTorch, TensorFlow"
565,"Business Analytics, Data Visualization, Python"
566,"C++, Data Structures, PostgreSQL, Problem Solving, Software Development"
567,"Machine Learning, Python"
568,"Algorithms, C++, Data Structures, Problem Solving, Software Development"
569,"Deep Learning, FastAPI, Machine Learning, Python, TensorFlow"
570,"Express, Full Stack Development, Node.js"
571,"AI Engineer, Computer Vision, Deep Learning, NLP, PostgreSQL, Python"
572,"DevOps, Kubernetes, Linux, Python"
573,"Deep Learning, FastAPI, Machine Learning, PyTorch, Python, TensorFlow"
574,"CSS, Frontend Development, JavaScript"
575,"Docker, Kubernetes, Linux, Python"
576,"Algorithms, C++, Data Structures, Pandas, Problem Solving"
577,"Data Visualization, Machine Learning, Python, SQL"
578,"Algorithms, C++, Data Structures, Problem Solving, Scikit-Learn"
579,"Data Analyst, Excel, PowerBI, SQL"
580,"Backend Development, Docker, SQL"
581,"CSS, Frontend Development, HTML, JavaScript, React"
582,"C++, Data Structures, Problem Solving"
583,"Backend Development, Docker, Spring Boot"
584,"Backend Development, Docker, Java, SQL, Spring Boot"
585,"C++, Data Structures, Problem Solving, Software Development"
586,"Data Visualization, Machine Learning, Python, SQL"
587,"Deep Learning, Machine Learning, PyTorch, Python, TensorFlow"
588,"Data Analyst, Excel, PowerBI, SQL, Tableau"
589,"Deep Learning, PyTorch, TensorFlow"
590,"Express, Full Stack Development, JavaScript, MongoDB, Node.js"
591,"Deep Learning, Machine Learning, PyTorch, Python, TensorFlow"
592,"AWS, Data Analyst, Excel, PowerBI, SQL, Tableau"
593,"Data Visualization, Machine Learning, Python, SQL"
594,"Frontend Development, HTML, JavaScript"
595,"Data Visualization, Python, SQL"
596,"Computer Vision, Deep Learning, NLP, Python"
597,"Cloud, DevOps, Docker, Kubernetes, Pandas, Python"
598,"Backend Development, Docker, Java, SQL, Spring Boot"
599,"Data Visualization, SQL"
600,"Docker, FastAPI, Kubernetes, Linux, Python"
601,"Data Visualization, FastAPI, Python, SQL"
602,"Data Analyst, PowerBI, Tableau"
603,"AI Engineer, Computer Vision, NLP, Python"
604,"AI Engineer, Computer Vision, Deep Learning"
605,"Cloud, DevOps, Docker, FastAPI, Linux"
606,"Frontend Development, JavaScript, React"
607,"Data Visualization, Machine Learning, PostgreSQL"
608,"Data Analyst, Excel, PowerBI, SQL, Tableau"
609,"Business Analytics, Data Visualization, SQL, Scikit-Learn"
610,"Express, Full Stack Development, JavaScript, MongoDB, Node.js"
611,"Backend Development, Docker, Java, SQL"
612,"AI Engineer, Computer Vision, Deep Learning, NLP, Python"
613,"Backend Development, Docker, Java, SQL, Spring Boot"
614,"FastAPI, Full Stack Development, JavaScript, MongoDB"
615,"AI Engineer, Computer Vision, Deep Learning"
616,"Algorithms, C++, Data Structures, Problem Solving, Software Development"
617,"AI Engineer, NLP, Python"
618,"Data Visualization, Python, SQL"
619,"Frontend Development, HTML, JavaScript, React"
620,"Computer Vision, Deep Learning, NLP, PostgreSQL"
621,"Deep Learning, Git, PyTorch, Python, TensorFlow"
622,"Data Analyst, Excel, PostgreSQL, PowerBI, SQL, Tableau"
623,"AI Engineer, Deep Learning, Python"
624,"CSS, HTML, JavaScript"
625,"Data Visualization, Machine Learning, Python, SQL"
626,"CSS, Frontend Development, React"
627,"Docker, Java, Pandas, SQL"
628,"Express, Full Stack Development, JavaScript, MongoDB, Node.js"
629,"Deep Learning, Machine Learning, Python"
630,"Cloud, DevOps, Docker, Kubernetes, Linux"
631,"Frontend Development, HTML, JavaScript, React"
632,"Deep Learning, Machine Learning, PyTorch, Python, TensorFlow"
633,"AI Engineer, Computer Vision, Deep Learning, NLP, Python"
634,"AI Engineer, Computer Vision, Deep Learning, NLP, Python"
635,"Data Analyst, Excel, PowerBI, SQL, Tableau"
636,"Data Visualization, Machine Learning, Python, SQL"
637,"Deep Learning, Machine Learning, Pandas, PyTorch, Python, TensorFlow"
638,"AWS, Backend Development, Java, SQL"
639,"AI Engineer, Computer Vision, Deep Learning, PostgreSQL, Python"
640,"Express, Full Stack Development, MongoDB, Scikit-Learn"
641,"Data Analyst, Excel, Tableau"
642,"Business Analytics, Data Visualization, Python, SQL"
643,"Express, Full Stack Development, JavaScript, MongoDB"
644,"AWS, Backend Development, Java, SQL"
645,"Express, Full Stack Development, JavaScript, MongoDB, Node.js"
646,"Algorithms, Data Structures, Git, Problem Solving, Software Development"
647,"Deep Learning, FastAPI, Machine Learning, PyTorch, Python, TensorFlow"
648,"Deep Learning, Machine Learning, PyTorch, Python, Scikit-Learn, TensorFlow"
649,"C++, Data Structures, Problem Solving, Software Development"
650,"Deep Learning, Machine Learning, PyTorch, Python, TensorFlow"
651,"Business Analytics, Git, SQL"
652,"Backend Development, Docker, Java, SQL, Spring Boot"
653,"Data Analyst, Excel, PowerBI, SQL, Tableau"
654,"AI Engineer, Computer Vision, Deep Learning"
655,"AI Engineer, Computer Vision, Deep Learning, NLP"
656,"Data Analyst, Excel, Tableau"
657,"Docker, PostgreSQL, SQL, Spring Boot"
658,"Data Visualization, Machine Learning, Python, SQL"
659,"Express, JavaScript, MongoDB, Node.js"
660,"CSS, Frontend Development, JavaScript, React"
661,"DevOps, Kubernetes, Linux, Python"
662,"AI Engineer, Computer Vision, Deep Learning, NLP"
663,"Cloud, DevOps, Docker, Kubernetes, Linux, Pandas, Python"
664,"Express, Full Stack Development, JavaScript, MongoDB, Node.js"
665,"Deep Learning, FastAPI, PyTorch, Python, TensorFlow"
666,"Business Analytics, Data Visualization, Python, SQL"
667,"AI Engineer, Computer Vision, Deep Learning, Python"
668,"Backend Development, Docker, Java, SQL, Spring Boot"
669,"Data Visualization, Machine Learning, Python"
670,"Business Analytics, Data Visualization, SQL"
671,"Backend Development, Docker, FastAPI, Java, SQL, Spring Boot"
672,"Backend Development, Docker, Java, SQL, Scikit-Learn, Spring Boot"
673,"Business Analytics, Data Visualization, Python, SQL"
674,"AI Engineer, Computer Vision, Deep Learning, NLP"
675,"Data Analyst, Excel, PowerBI, Tableau"
676,"Machine Learning, Python, SQL"
677,"Backend Development, Docker, Java, SQL, Spring Boot"
678,"CSS, HTML, JavaScript"
679,"AWS, Full Stack Development, MongoDB, Node.js"
680,"AWS, Data Analyst, Excel, SQL, Tableau"
681,"CSS, Frontend Development, HTML"
682,"Full Stack Development, JavaScript, MongoDB"
683,"Algorithms, C++, Data Structures, Problem Solving, Software Development"
684,"Data Analyst, Excel, PowerBI, Tableau"
685,"Excel, SQL, Tableau"
686,"Data Visualization, Machine Learning, Python, SQL"
687,"AI Engineer, Computer Vision, NLP, Python"
688,"Business Analytics, Data Visualization, FastAPI, SQL"
689,"Docker, Java, SQL, Spring Boot"
690,"Backend Development, Docker, SQL, Spring Boot"
691,"Data Analyst, SQL, Tableau"
692,"Backend Development, Docker, Java, SQL, Spring Boot"
693,"Machine Learning, PostgreSQL, SQL"
694,"AI Engineer, Computer Vision, Deep Learning, NLP, Python"
695,"Deep Learning, Machine Learning, PyTorch"
696,"Business Analytics, Data Visualization, SQL"
697,"Computer Vision, Deep Learning, NLP, Python"
698,"Data Analyst, Excel, Tableau"
699,"Computer Vision, Deep Learning, NLP, Python"
700,"Deep Learning, PyTorch, TensorFlow"
701,"Cloud, DevOps, Docker, PostgreSQL, Python"
702,"CSS, Frontend Development, HTML, JavaScript, React"
703,"AWS, Computer Vision, Deep Learning, NLP, Python"
704,"CSS, Frontend Development, HTML, JavaScript, Pandas, React"
705,"Computer Vision, NLP, Python"
706,"Business Analytics, Data Visualization, PostgreSQL"
707,"AWS, Cloud, DevOps, Docker, Linux, Python"
708,"Data Visualization, Machine Learning"
709,"Algorithms, C++, Data Structures, Problem Solving, Software Development"
710,"Data Analyst, Excel, PowerBI, Tableau"
711,"Business Analytics, Data Visualization, FastAPI, SQL"
712,"Machine Learning, SQL, Scikit-Learn"
713,"Data Visualization, Machine Learning, Python, SQL"
714,"CSS, Frontend Development, HTML, JavaScript, React"
715,"AI Engineer, Computer Vision, Deep Learning, Python"
716,"Backend Development, Docker, Java, SQL"
717,"Data Analyst, Excel, Git, PowerBI, SQL, Tableau"
718,"Deep Learning, PyTorch, Python"
719,"C++, Data Structures, Git, Problem Solving, Software Development"
720,"AI Engineer, Deep Learning, PostgreSQL, Python"
721,"Algorithms, C++, Data Structures, Problem Solving, Software Development"
722,"Express, Full Stack Development, MongoDB, Node.js"
723,"Data Visualization, Pandas, Python, SQL"
724,"Business Analytics, Data Visualization, Python, SQL"
725,"Machine Learning, SQL"
726,"C++, Data Structures, Problem Solving"
727,"Business Analytics, Data Visualization, Python, SQL"
728,"Deep Learning, Git, Machine Learning, PyTorch, Python, TensorFlow"
729,"Backend Development, Docker, FastAPI, Spring Boot"
730,"Excel, SQL, Tableau"
731,"Data Analyst, Excel, Git, PowerBI, SQL, Tableau"
732,"Data Analyst, Excel, SQL, Tableau"
733,"Business Analytics, Python, Scikit-Learn"
734,"Express, Full Stack Development, JavaScript, Node.js"
735,"Deep Learning, Machine Learning, Python, TensorFlow"
736,"AI Engineer, Computer Vision, Deep Learning, NLP, Pandas, Python"
737,"CSS, FastAPI, Frontend Development, HTML, JavaScript, React"
738,"Computer Vision, Deep Learning, NLP, Python"
739,"Data Visualization, Machine Learning, Python, SQL"
740,"Computer Vision, Deep Learning, NLP, Python"
741,"AWS, Express, Full Stack Development, JavaScript, MongoDB"
742,"Git, Machine Learning, PyTorch, Python"
743,"Data Analyst, Excel, PowerBI, SQL, Tableau"
744,"Data Analyst, Excel, PowerBI, SQL, Tableau"
745,"Machine Learning, Python, SQL"
746,"CSS, Frontend Development, HTML, JavaScript, React"
747,"Data Visualization, SQL"
748,"Backend Development, Docker, Java, SQL, Spring Boot"
749,"Data Analyst, Excel, PowerBI, SQL"
750,"AI Engineer, Computer Vision, NLP, Python"
751,"Data Analyst, Excel, PowerBI, Tableau"
752,"Cloud, DevOps, Docker, Kubernetes, Linux, Python"
753,"CSS, Frontend Development, HTML, React"
754,"CSS, Frontend Development, HTML, JavaScript, React"
755,"Backend Development, Docker, Java, Pandas, SQL"
756,"Express, Full Stack Development, Node.js"
757,"Backend Development, Java, SQL"
758,"PostgreSQL, PowerBI, SQL, Tableau"
759,"Data Analyst, PowerBI, SQL"
760,"Data Analyst, PowerBI, SQL, Tableau"
761,"Cloud, DevOps, Docker, Linux, Python, Scikit-Learn"
762,"Machine Learning, PostgreSQL, Python, SQL"
763,"Cloud, DevOps, Kubernetes, Linux, Pandas, Python"
764,"Deep Learning, Machine Learning, Python"
765,"Data Visualization, Machine Learning, Python, SQL"
766,"Machine Learning, PyTorch, TensorFlow"
767,"Data Analyst, Pandas, SQL, Tableau"
768,"Express, Full Stack Development, JavaScript, MongoDB, Node.js"
769,"Docker, Java, SQL, Spring Boot"
770,"Data Analyst, Excel, SQL, Tableau"
771,"Backend Development, SQL, Spring Boot"
772,"Business Analytics, Data Visualization, PostgreSQL, Python, SQL"
773,"Business Analytics, PostgreSQL, Python, SQL"
774,"Computer Vision, Deep Learning, NLP"
775,"Deep Learning, FastAPI, Machine Learning, PyTorch, Python, TensorFlow"
776,"Backend Development, Docker, Java, PostgreSQL, SQL, Spring Boot"
777,"CSS, Frontend Development, HTML, JavaScript, Pandas, React"
778,"AI Engineer, Computer Vision, Deep Learning, NLP, Pandas, Python"
779,"AI Engineer, Computer Vision, Deep Learning, NLP, Python"
780,"Deep Learning, Machine Learning, PyTorch"
781,"Backend Development, Docker, Java, SQL, Spring Boot"
782,"Data Visualization, Machine Learning, Python, SQL"
783,"AWS, Machine Learning, PyTorch, TensorFlow"
784,"AWS, DevOps, Docker, Kubernetes, Linux, Python"
785,"Data Analyst, Excel, PowerBI, SQL, Tableau"
786,"AWS, Deep Learning, Machine Learning, PyTorch, Python, TensorFlow"
787,"Data Visualization, Machine Learning, SQL"
788,"CSS, HTML, React, Scikit-Learn"
789,"Data Analyst, Git, PowerBI, SQL, Tableau"
790,"Express, MongoDB, Node.js"
791,"AWS, Algorithms, C++, Data Structures, Problem Solving, Software Development"
792,"Docker, Java, Spring Boot"
793,"Backend Development, Docker, Java, SQL, Spring Boot"
794,"Algorithms, C++, Data Structures, Problem Solving, Software Development"
795,"Data Analyst, Excel, PowerBI, SQL, Tableau"
796,"Data Visualization, Pandas, SQL"
797,"AI Engineer, Computer Vision, Deep Learning, NLP, Python"
798,"CSS, Frontend Development, HTML, React"
799,"Deep Learning, PyTorch, Python, Scikit-Learn, TensorFlow"
800,"AI Engineer, Computer Vision, Deep Learning"
801,"Machine Learning, PostgreSQL, PyTorch, Python, TensorFlow"
802,"Deep Learning, Machine Learning, PostgreSQL, PyTorch, Python, TensorFlow"
803,"Cloud, DevOps, Docker, Kubernetes, Linux, Python"
804,"Express, Full Stack Development, JavaScript, MongoDB, Node.js"
805,"CSS, Frontend Development, HTML, JavaScript, React"
806,"Backend Development, Java, SQL"
807,"Algorithms, C++, Data Structures, Problem Solving, Software Development"
808,"C++, Problem Solving, Software Development"
809,"CSS, FastAPI, Frontend Development, HTML, JavaScript, React"
810,"Data Visualization, Python"
811,"Data Analyst, Excel, PowerBI, SQL"
812,"Deep Learning, Machine Learning, TensorFlow"
813,"Express, JavaScript, Node.js"
814,"Cloud, Kubernetes, Linux, Python"
815,"Business Analytics, Data Visualization, Python, SQL"
816,"Data Analyst, SQL, Tableau"
817,"Data Analyst, Excel, PowerBI, SQL, Tableau"
818,"Data Analyst, Excel, PowerBI, Tableau"
819,"Deep Learning, Machine Learning, PostgreSQL, PyTorch, Python, TensorFlow"
820,"Business Analytics, Data Visualization, FastAPI, Python, SQL"
821,"AI Engineer, Computer Vision, Deep Learning, Git, NLP, Python"
822,"Frontend Development, HTML, JavaScript, React"
823,"Express, FastAPI, Full Stack Development, JavaScript, MongoDB"
824,"C++, Data Structures, Problem Solving, Software Development"
825,"AI Engineer, Computer Vision, NLP, Python"
826,"AWS, CSS, Frontend Development, HTML, JavaScript, React"
827,"Frontend Development, JavaScript, React"
828,"Deep Learning, Machine Learning, PyTorch, Python, TensorFlow"
829,"Express, Full Stack Development, JavaScript, MongoDB, Node.js"
830,"Express, FastAPI, Full Stack Development, MongoDB, Node.js"
831,"Machine Learning, Python"
832,"Algorithms, C++, Data Structures, Problem Solving, Software Development"
833,"Machine Learning, PyTorch, Python"
834,"C++, Data Structures, Problem Solving, Software Development"
835,"Excel, PostgreSQL, PowerBI, SQL"
836,"Frontend Development, JavaScript, React"
837,"Express, Full Stack Development, Node.js"
838,"Algorithms, C++, Data Structures, Problem Solving, Scikit-Learn, Software Development"
839,"AI Engineer, Computer Vision, Deep Learning, NLP, PostgreSQL, Python"
840,"CSS, Frontend Development, HTML, JavaScript, React"
841,"Machine Learning, Python"
842,"Pandas, Python, SQL"
843,"AWS, Deep Learning, Machine Learning, PyTorch, Python, TensorFlow"
844,"Computer Vision, Deep Learning, Python"
845,"Algorithms, Problem Solving, Software Development"
846,"C++, Data Structures, Problem Solving, Software Development"
847,"Cloud, DevOps, Docker, Linux"
848,"Data Visualization, Python, SQL"
849,"Deep Learning, Machine Learning, PyTorch, Python"
850,"Data Visualization, Python, SQL"
851,"Cloud, DevOps, Kubernetes, Linux"
852,"Full Stack Development, MongoDB, Node.js"
853,"Express, Full Stack Development, JavaScript, MongoDB, Node.js, Scikit-Learn"
854,"C++, Data Structures, Pandas, Problem Solving, Software Development"
855,"Business Analytics, Data Visualization, Python, SQL"
856,"Machine Learning, Python"
857,"Machine Learning, SQL"
858,"Cloud, DevOps, Docker, Kubernetes, Linux, Python"
859,"Frontend Development, HTML, JavaScript, React"
860,"AI Engineer, Deep Learning, NLP, Python"
861,"Data Visualization, Python"
862,"Data Visualization, SQL"
863,"Express, Full Stack Development, JavaScript, MongoDB, Node.js"
864,"Data Structures, Problem Solving, Software Development"
865,"Deep Learning, Machine Learning, PyTorch, Python"
866,"Deep Learning, Machine Learning, PyTorch, Python, TensorFlow"
867,"DevOps, Docker, Kubernetes, Linux, Python"
868,"Cloud, DevOps, Docker, Kubernetes, Linux, Python"
869,"Data Analyst, Excel, Git, PowerBI, Tableau"
870,"Data Analyst, PowerBI, SQL, Tableau"
871,"Data Visualization, SQL"
872,"AI Engineer, Computer Vision, Deep Learning, NLP, Python"
873,"Express, Full Stack Development, JavaScript, MongoDB, Node.js"
874,"CSS, Frontend Development, HTML, JavaScript"
875,"Data Analyst, Excel, PowerBI, SQL"
876,"CSS, Frontend Development, Git, HTML, JavaScript, React"
877,"CSS, Frontend Development, Git, JavaScript, React"
878,"Data Analyst, PowerBI, Tableau"
879,"Deep Learning, Git, Machine Learning, Python, TensorFlow"
880,"Deep Learning, Machine Learning, PyTorch, Python, TensorFlow"
881,"Deep Learning, PyTorch, Python"
882,"Business Analytics, SQL"
883,"CSS, Frontend Development, JavaScript, React"
884,"Deep Learning, Machine Learning, PyTorch, Python, TensorFlow"
885,"AI Engineer, Computer Vision, Deep Learning, NLP, Python"
886,"CSS, Frontend Development, HTML, JavaScript"
887,"Cloud, DevOps, Docker, Kubernetes, Linux"
888,"Deep Learning, PyTorch, Python, TensorFlow"
889,"Data Visualization, Python, SQL"
890,"Express, Full Stack Development, JavaScript, Scikit-Learn"
891,"Data Visualization, SQL"
892,"Business Analytics, SQL"
893,"Excel, PostgreSQL, SQL, Tableau"
894,"Business Analytics, Data Visualization, Git, Python, SQL"
895,"CSS, Frontend Development, React"
896,"CSS, Frontend Development, HTML, React"
897,"Backend Development, Docker, Java, Pandas, SQL, Spring Boot"
898,"Backend Development, Docker, Git, Java, SQL, Spring Boot"
899,"Data Analyst, Excel, PowerBI, SQL, Tableau"
900,"FastAPI, Machine Learning, SQL"
901,"Cloud, DevOps, Docker, Kubernetes, Linux, Python"
902,"Business Analytics, Data Visualization, Python, SQL, Scikit-Learn"
903,"Express, Full Stack Development, JavaScript, MongoDB"
904,"Express, Full Stack Development, MongoDB, Scikit-Learn"
905,"Data Visualization, Machine Learning, SQL"
906,"AWS, Express, Full Stack Development, JavaScript, MongoDB"
907,"Data Visualization, Machine Learning, Python, SQL"
908,"FastAPI, Frontend Development, HTML, JavaScript, React"
909,"Machine Learning, Python, SQL"
910,"AI Engineer, AWS, Deep Learning, Python"
911,"Algorithms, C++, Data Structures, Problem Solving, Software Development"
912,"Machine Learning, PyTorch, Python"
913,"Data Visualization, Python, SQL"
914,"Business Analytics, Data Visualization"
915,"Backend Development, Docker, Spring Boot"
916,"Cloud, DevOps, Kubernetes, Linux, Python"
917,"Excel, Pandas, PowerBI, SQL"
918,"Deep Learning, Machine Learning, PostgreSQL, PyTorch, Python, TensorFlow"
919,"AWS, Data Analyst, Excel, SQL, Tableau"
920,"Business Analytics, Data Visualization, PostgreSQL, Python, SQL"
921,"CSS, Frontend Development, HTML, JavaScript, React"
922,"Algorithms, C++, Data Structures, Problem Solving, Software Development"
923,"Backend Development, Java, SQL"
924,"AI Engineer, Computer Vision, Deep Learning, Git, NLP, Python"
925,"Deep Learning, FastAPI, Machine Learning, PyTorch, Python, TensorFlow"
926,"CSS, JavaScript, React"
927,"Algorithms, C++, Git, Software Development"
928,"Algorithms, C++, Data Structures, Problem Solving, Software Development"
929,"Express, Full Stack Development, JavaScript, PostgreSQL"
930,"Cloud, Kubernetes, Linux, Python"
931,"FastAPI, Machine Learning, Python, SQL"
932,"Deep Learning, Git, Machine Learning, PyTorch, Python"
933,"PowerBI, SQL, Tableau"
934,"Algorithms, C++, Data Structures, Software Development"
935,"Data Analyst, SQL, Tableau"
936,"AI Engineer, Computer Vision, Deep Learning, NLP, Pandas"
937,"Backend Development, Docker, SQL, Scikit-Learn"
938,"Deep Learning, Machine Learning, PyTorch, Python, TensorFlow"
939,"AI Engineer, Computer Vision, Deep Learning"
940,"Business Analytics, Data Visualization, Python"
941,"Data Visualization, Machine Learning, PostgreSQL, Python, SQL"
942,"Business Analytics, Data Visualization, PostgreSQL"
943,"Algorithms, C++, Data Structures, Problem Solving, Software Development"
944,"DevOps, Docker, Kubernetes, PostgreSQL, Python"
945,"Express, Full Stack Development, JavaScript, MongoDB, Node.js"
946,"Business Analytics, Data Visualization, Python, SQL"
947,"Data Visualization, Python, SQL"
948,"Deep Learning, Machine Learning, PyTorch, Python, TensorFlow"
949,"Backend Development, Docker, FastAPI, Java, SQL, Spring Boot"
950,"AI Engineer, Computer Vision, Deep Learning, NLP, Pandas, Python"
951,"AI Engineer, Computer Vision, Deep Learning, NLP, Python"
952,"AWS, Business Analytics, Python"
953,"AWS, CSS, HTML, React"
954,"C++, Data Structures, Software Development"
955,"Computer Vision, Deep Learning, NLP"
956,"Data Visualization, Machine Learning, Python"
957,"Backend Development, Docker, Java, SQL, Spring Boot"
958,"AI Engineer, Computer Vision, Deep Learning, FastAPI, NLP, Python"
959,"Backend Development, Docker, Java, SQL"
960,"Algorithms, Data Structures, Software Development"
961,"FastAPI, Machine Learning, PyTorch, Python"
962,"Excel, PowerBI, Scikit-Learn, Tableau"
963,"Data Visualization, Machine Learning, Python, SQL"
964,"Deep Learning, Machine Learning, PyTorch, Python, TensorFlow"
965,"Algorithms, C++, Data Structures, Software Development"
966,"CSS, Frontend Development, Git, JavaScript, React"
967,"C++, Data Structures, Scikit-Learn, Software Development"
968,"Docker, Java, SQL, Spring Boot"
969,"Backend Development, Docker, Java, Pandas, SQL, Spring Boot"
970,"Business Analytics, Data Visualization, Python, SQL"
971,"Computer Vision, NLP, Python"
972,"Cloud, Docker, Kubernetes, Linux, Python"
973,"Algorithms, C++, Data Structures, Problem Solving, Software Development"
974,"Frontend Development, HTML, React"
975,"Data Analyst, Excel, Tableau"
976,"AI Engineer, Computer Vision, NLP, Python"
977,"CSS, HTML, JavaScript, Pandas, React"
978,"CSS, Frontend Development, HTML, JavaScript, React"
979,"C++, PostgreSQL, Problem Solving, Software Development"
980,"Algorithms, C++, Problem Solving"
981,"Java, SQL, Spring Boot"
982,"Business Analytics, Data Visualization, Python, SQL"
983,"Algorithms, C++, Data Structures, Git, Problem Solving, Software Development"
984,"FastAPI, Machine Learning, PyTorch, Python, TensorFlow"
985,"Cloud, DevOps, Docker, Kubernetes, Linux, Python"
986,"Deep Learning, FastAPI, Machine Learning, PyTorch"
987,"CSS, Frontend Development, HTML, JavaScript"
988,"Data Visualization, Machine Learning"
989,"Cloud, DevOps, Docker, Linux, Python"
990,"AI Engineer, AWS, Computer Vision, Deep Learning, NLP, Python"
991,"Data Visualization, Machine Learning, Pandas, SQL"
992,"Data Analyst, Excel, PowerBI, SQL, Tableau"
993,"AWS, Data Visualization, SQL"
994,"CSS, Frontend Development, HTML"
995,"Python, SQL"
996,"Python, SQL"
997,"AI Engineer, Computer Vision, Deep Learning, NLP, PostgreSQL, Python"
998,"AWS, Data Visualization, Python"
999,"Deep Learning, Machine Learning, PyTorch, Python, TensorFlow"
1000,"Express, Full Stack Development, JavaScript, Node.js, Scikit-Learn"
